id,match_id,minute,type,description,player_id,player_name,team_side
1,1,"9",goal,"Julián Quiñones 进球",,"Julián Quiñones",home
2,1,"67",goal,"Raúl Jiménez 进球",,"Raúl Jiménez",home
3,2,"67",goal,"Hwang In-Beom 进球",,"Hwang In-Beom",home
4,2,"80",goal,"Oh Hyeon-Gyu 进球",,"Oh Hyeon-Gyu",home
5,2,"59",goal,"Ladislav Krejcí 进球",,"Ladislav Krejcí",away
6,3,"78",goal,"Cyle Larin 进球",,"Cyle Larin",home
7,3,"21",goal,"Jovo Lukić 进球",,"Jovo Lukić",away
8,4,"7",goal,"Damian Bobadilla 进球",,"Damian Bobadilla",home
9,4,"31",goal,"Folarin Balogun 进球",,"Folarin Balogun",home
10,4,"45+5",goal,"Folarin Balogun 进球",,"Folarin Balogun",home
11,4,"90+8",goal,"Giovanni Reyna 进球",,"Giovanni Reyna",home
12,4,"73",goal,"Mauricio 进球",,"Mauricio",away
13,5,"90+4",goal,"Miro Muheim 进球",,"Miro Muheim",home
14,5,"17",goal,"Breel Embolo 点球破门",,"Breel Embolo",away
15,6,"32",goal,"Vinícius Júnior 进球",,"Vinícius Júnior",home
16,6,"21",goal,"Ismael Saibari 进球",,"Ismael Saibari",away
17,7,"28",goal,"John McGinn 进球",,"John McGinn",away
18,8,"27",goal,"Nestory Irankunda 进球",,"Nestory Irankunda",home
19,8,"75",goal,"Connor Metcalfe 进球",,"Connor Metcalfe",home
20,9,"6",goal,"Felix Nmecha 进球",,"Felix Nmecha",home
21,9,"38",goal,"Nico Schlotterbeck 进球",,"Nico Schlotterbeck",home
22,9,"45+5",goal,"Kai Havertz 点球破门",,"Kai Havertz",home
23,9,"88",goal,"Kai Havertz 进球",,"Kai Havertz",home
24,9,"47",goal,"Jamal Musiala 进球",,"Jamal Musiala",home
25,9,"68",goal,"Nathaniel Brown 进球",,"Nathaniel Brown",home
26,9,"78",goal,"Deniz Undav 进球",,"Deniz Undav",home
27,9,"21",goal,"Livano Comenencia 进球",,"Livano Comenencia",away
28,10,"51",goal,"Virgil van Dijk 进球",,"Virgil van Dijk",home
29,10,"64",goal,"Crysencio Summerville 进球",,"Crysencio Summerville",home
30,10,"57",goal,"Keito Nakamura 进球",,"Keito Nakamura",away
31,10,"88",goal,"Daichi Kamada 进球",,"Daichi Kamada",away
32,11,"90",goal,"Amad Diallo 进球",,"Amad Diallo",home
33,12,"7",goal,"Yasin Ayari 进球",,"Yasin Ayari",home
34,12,"90+6",goal,"Yasin Ayari 进球",,"Yasin Ayari",home
35,12,"30",goal,"Alexander Isak 进球",,"Alexander Isak",home
36,12,"59",goal,"Viktor Gyökeres 进球",,"Viktor Gyökeres",home
37,12,"84",goal,"Mattias Svanberg 进球",,"Mattias Svanberg",home
38,12,"43",goal,"Omar Rekik 进球",,"Omar Rekik",away
39,14,"66",goal,"Mohamed Hany 进球",,"Mohamed Hany",home
40,14,"19",goal,"Emam Ashour 进球",,"Emam Ashour",away
41,15,"41",goal,"Abdulelah Al-Amri 进球",,"Abdulelah Al-Amri",home
42,15,"80",goal,"Maxi Araújo 进球",,"Maxi Araújo",away
43,16,"32",goal,"Ramin Rezaeian 进球",,"Ramin Rezaeian",home
44,16,"64",goal,"Mohammad Mohebbi 进球",,"Mohammad Mohebbi",home
45,16,"7",goal,"Elijah Just 进球",,"Elijah Just",away
46,16,"54",goal,"Elijah Just 进球",,"Elijah Just",away
47,17,"66",goal,"Kylian Mbappé 进球",,"Kylian Mbappé",home
48,17,"90+6",goal,"Kylian Mbappé 进球",,"Kylian Mbappé",home
49,17,"82",goal,"Bradley Barcola 进球",,"Bradley Barcola",home
50,17,"90+5",goal,"Ibrahim Mbaye 进球",,"Ibrahim Mbaye",away
51,18,"39",goal,"Aymen Hussein 进球",,"Aymen Hussein",home
52,18,"29",goal,"Erling Haaland 进球",,"Erling Haaland",away
53,18,"43",goal,"Erling Haaland 进球",,"Erling Haaland",away
54,18,"76",goal,"Leo Østigard 进球",,"Leo Østigard",away
55,18,"90+6",goal,"Aymen Hussein 乌龙球",,"Aymen Hussein",away
56,19,"17",goal,"Lionel Messi 进球",,"Lionel Messi",home
57,19,"60",goal,"Lionel Messi 进球",,"Lionel Messi",home
58,19,"76",goal,"Lionel Messi 进球",,"Lionel Messi",home
59,20,"21",goal,"Romano Schmid 进球",,"Romano Schmid",home
60,20,"76",goal,"Yazan Al-Arab 进球",,"Yazan Al-Arab",home
61,20,"90+12",goal,"Marko Arnautovic 点球破门",,"Marko Arnautovic",home
62,20,"50",goal,"Ali Olwan 进球",,"Ali Olwan",away
63,21,"6",goal,"João Neves 进球",,"João Neves",home
64,21,"45+5",goal,"Yoane Wissa 进球",,"Yoane Wissa",away
65,22,"12",goal,"Harry Kane 点球破门",,"Harry Kane",home
66,22,"42",goal,"Harry Kane 进球",,"Harry Kane",home
67,22,"47",goal,"Jude Bellingham 进球",,"Jude Bellingham",home
68,22,"85",goal,"Marcus Rashford 进球",,"Marcus Rashford",home
69,22,"36",goal,"Martin Baturina 进球",,"Martin Baturina",away
70,22,"45+5",goal,"Petar Musa 进球",,"Petar Musa",away
71,23,"90+5",goal,"Caleb Yirenkyi 进球",,"Caleb Yirenkyi",home
72,24,"60",goal,"Abbosbek Fayzullaev 进球",,"Abbosbek Fayzullaev",home
73,24,"40",goal,"Daniel Muñoz 进球",,"Daniel Muñoz",away
74,24,"65",goal,"Luis Díaz 进球",,"Luis Díaz",away
75,24,"90+9",goal,"Jáminton Campaz 进球",,"Jáminton Campaz",away
76,25,"6",goal,"Michal Sadílek 进球",,"Michal Sadílek",home
77,25,"83",goal,"Teboho Mokoena 点球破门",,"Teboho Mokoena",away
78,26,"74",goal,"Johan Manzambi 进球",,"Johan Manzambi",home
79,26,"90",goal,"Johan Manzambi 进球",,"Johan Manzambi",home
80,26,"84",goal,"Rubén Vargas 进球",,"Rubén Vargas",home
81,26,"90+7",goal,"Granit Xhaka 点球破门",,"Granit Xhaka",home
82,26,"90+3",goal,"Ermin Mahmic 进球",,"Ermin Mahmic",away
83,27,"16",goal,"Cyle Larin 进球",,"Cyle Larin",home
84,27,"29",goal,"Jonathan David 进球",,"Jonathan David",home
85,27,"45+3",goal,"Jonathan David 进球",,"Jonathan David",home
86,27,"64",goal,"Nathan Saliba 进球",,"Nathan Saliba",home
87,27,"75",goal,"Mohamed Manai 进球",,"Mohamed Manai",home
88,27,"90+2",goal,"Jonathan David 进球",,"Jonathan David",home
89,28,"50",goal,"Luis Romo 进球",,"Luis Romo",home
90,29,"11",goal,"Cameron Burgess 进球",,"Cameron Burgess",home
91,29,"43",goal,"Alex Freeman 进球",,"Alex Freeman",home
92,30,"2",goal,"Ismael Saibari 进球",,"Ismael Saibari",away
93,31,"2",goal,"Matías Galarza 进球",,"Matías Galarza",away
94,32,"23",goal,"Matheus Cunha 进球",,"Matheus Cunha",home
95,32,"36",goal,"Matheus Cunha 进球",,"Matheus Cunha",home
96,32,"45+3",goal,"Vinícius Júnior 进球",,"Vinícius Júnior",home
97,33,"5",goal,"Brian Brobbey 进球",,"Brian Brobbey",home
98,33,"17",goal,"Brian Brobbey 进球",,"Brian Brobbey",home
99,33,"47",goal,"Cody Gakpo 进球",,"Cody Gakpo",home
100,33,"54",goal,"Cody Gakpo 进球",,"Cody Gakpo",home
101,33,"89",goal,"Crysencio Summerville 进球",,"Crysencio Summerville",home
102,33,"59",goal,"Anthony Elanga 进球",,"Anthony Elanga",away
103,34,"68",goal,"Deniz Undav 进球",,"Deniz Undav",home
104,34,"90+4",goal,"Deniz Undav 进球",,"Deniz Undav",home
105,34,"30",goal,"Franck Kessié 进球",,"Franck Kessié",away
106,36,"4",goal,"Daichi Kamada 进球",,"Daichi Kamada",away
107,36,"31",goal,"Ayase Ueda 进球",,"Ayase Ueda",away
108,36,"83",goal,"Ayase Ueda 进球",,"Ayase Ueda",away
109,36,"69",goal,"Junya Ito 进球",,"Junya Ito",away
110,37,"10",goal,"Lamine Yamal 进球",,"Lamine Yamal",home
111,37,"21",goal,"Mikel Oyarzabal 进球",,"Mikel Oyarzabal",home
112,37,"24",goal,"Mikel Oyarzabal 进球",,"Mikel Oyarzabal",home
113,37,"49",goal,"Hassan Al-Tambakti 进球",,"Hassan Al-Tambakti",home
114,39,"44",goal,"Maxi Araújo 进球",,"Maxi Araújo",home
115,39,"45+6",goal,"Agustín Cano 进球",,"Agustín Cano",home
116,39,"21",goal,"Kevin Pina 进球",,"Kevin Pina",away
117,39,"61",goal,"Hélio Varela 进球",,"Hélio Varela",away
118,40,"15",goal,"Finn Surman 进球",,"Finn Surman",home
119,40,"58",goal,"Mostafa Zico 进球",,"Mostafa Zico",away
120,40,"67",goal,"Mohamed Salah 进球",,"Mohamed Salah",away
121,40,"82",goal,"Trézéguet 进球",,"Trézéguet",away
122,41,"38",goal,"Lionel Messi 进球",,"Lionel Messi",home
123,41,"90+5",goal,"Lionel Messi 进球",,"Lionel Messi",home
124,42,"14",goal,"Kylian Mbappé 进球",,"Kylian Mbappé",home
125,42,"54",goal,"Kylian Mbappé 进球",,"Kylian Mbappé",home
126,42,"66",goal,"Ousmane Dembélé 进球",,"Ousmane Dembélé",home
127,43,"43",goal,"Marcus Holmgren Pedersen 进球",,"Marcus Holmgren Pedersen",home
128,43,"48",goal,"Erling Haaland 进球",,"Erling Haaland",home
129,43,"58",goal,"Erling Haaland 进球",,"Erling Haaland",home
130,43,"53",goal,"Ismaïla Sarr 进球",,"Ismaïla Sarr",away
131,43,"90+3",goal,"Ismaïla Sarr 进球",,"Ismaïla Sarr",away
132,44,"36",goal,"Nizar Al-Rashdan 进球",,"Nizar Al-Rashdan",home
133,44,"69",goal,"Nadhir Benbouali 进球",,"Nadhir Benbouali",away
134,44,"82",goal,"Amine Gouiri 进球",,"Amine Gouiri",away
135,45,"6",goal,"Cristiano Ronaldo 进球",,"Cristiano Ronaldo",home
136,45,"39",goal,"Cristiano Ronaldo 进球",,"Cristiano Ronaldo",home
137,45,"17",goal,"Nuno Mendes 进球",,"Nuno Mendes",home
138,45,"60",goal,"Abduvohid Nematov 进球",,"Abduvohid Nematov",home
139,45,"87",goal,"Rafael Leão 进球",,"Rafael Leão",home
140,47,"54",goal,"Ante Budimir 进球",,"Ante Budimir",away
141,48,"76",goal,"Daniel Muñoz 进球",,"Daniel Muñoz",home
142,49,"46",goal,"Rubén Vargas 进球",,"Rubén Vargas",home
143,49,"57",goal,"Johan Manzambi 进球",,"Johan Manzambi",home
144,49,"76",goal,"Promise David 进球",,"Promise David",away
145,50,"29",goal,"Kerim Alajbegovic 进球",,"Kerim Alajbegovic",home
146,50,"34",goal,"Mahmoud Abunada 进球",,"Mahmoud Abunada",home
147,50,"80",goal,"Ermin Mahmic 进球",,"Ermin Mahmic",home
148,50,"42",goal,"Hassan Al-Haydos 进球",,"Hassan Al-Haydos",away
149,51,"7",goal,"Vinícius Júnior 进球",,"Vinícius Júnior",away
150,51,"45+3",goal,"Vinícius Júnior 进球",,"Vinícius Júnior",away
151,51,"60",goal,"Matheus Cunha 进球",,"Matheus Cunha",away
152,52,"39",goal,"Achraf Hakimi 进球",,"Achraf Hakimi",home
153,52,"45+1",goal,"Ismael Saibari 进球",,"Ismael Saibari",home
154,52,"78",goal,"Soufiane Rahimi 进球",,"Soufiane Rahimi",home
155,52,"89",goal,"Gessime Yassine 进球",,"Gessime Yassine",home
156,52,"10",goal,"Yassine Bounou 乌龙球",,"Yassine Bounou",away
157,52,"43",goal,"Wilson Isidor 进球",,"Wilson Isidor",away
158,53,"55",goal,"Mateo Chávez 进球",,"Mateo Chávez",away
159,53,"61",goal,"Julián Quiñones 进球",,"Julián Quiñones",away
160,53,"90+4",goal,"Álvaro Fidalgo 进球",,"Álvaro Fidalgo",away
161,54,"63",goal,"Thapelo Maseko 进球",,"Thapelo Maseko",home
162,55,"7",goal,"Nicolas Pépé 进球",,"Nicolas Pépé",away
163,55,"64",goal,"Nicolas Pépé 进球",,"Nicolas Pépé",away
164,56,"9",goal,"Nilson Angulo 进球",,"Nilson Angulo",home
165,56,"77",goal,"Gonzalo Plata 进球",,"Gonzalo Plata",home
166,56,"2",goal,"Leroy Sané 进球",,"Leroy Sané",away
167,57,"56",goal,"Daizen Maeda 进球",,"Daizen Maeda",home
168,57,"62",goal,"Anthony Elanga 进球",,"Anthony Elanga",away
169,58,"54",goal,"Hazem Mastouri 进球",,"Hazem Mastouri",home
170,58,"3",goal,"Ellyes Skhiri 乌龙球",,"Ellyes Skhiri",away
171,58,"7",goal,"Brian Brobbey 进球",,"Brian Brobbey",away
172,58,"62",goal,"Jan Paul van Hecke 进球",,"Jan Paul van Hecke",away
173,59,"10",goal,"Arda Güler 进球",,"Arda Güler",home
174,59,"31",goal,"Baris Alper Yilmaz 进球",,"Baris Alper Yilmaz",home
175,59,"90+8",goal,"Kaan Ayhan 进球",,"Kaan Ayhan",home
176,59,"3",goal,"Auston Trusty 进球",,"Auston Trusty",away
177,59,"49",goal,"Sebastian Berhalter 进球",,"Sebastian Berhalter",away
178,61,"21",goal,"Thelo Aasgaard 进球",,"Thelo Aasgaard",home
179,61,"7",goal,"Ousmane Dembélé 进球",,"Ousmane Dembélé",away
180,61,"20",goal,"Ousmane Dembélé 进球",,"Ousmane Dembélé",away
181,61,"32",goal,"Ousmane Dembélé 进球",,"Ousmane Dembélé",away
182,61,"90+4",goal,"Désiré Doué 进球",,"Désiré Doué",away
183,62,"4",goal,"Habib Diarra 进球",,"Habib Diarra",home
184,62,"56",goal,"Ismaïla Sarr 进球",,"Ismaïla Sarr",home
185,62,"59",goal,"Pape Gueye 进球",,"Pape Gueye",home
186,62,"71",goal,"Pape Gueye 进球",,"Pape Gueye",home
187,62,"82",goal,"Iliman Ndiaye 进球",,"Iliman Ndiaye",home
188,63,"42",goal,"Álex Baena 进球",,"Álex Baena",away
189,65,"5",goal,"Mahmoud Saber 进球",,"Mahmoud Saber",home
190,65,"14",goal,"Ramin Rezaeian 进球",,"Ramin Rezaeian",away
191,66,"84",goal,"Elijah Just 进球",,"Elijah Just",home
192,66,"28",goal,"Leandro Trossard 进球",,"Leandro Trossard",away
193,66,"50",goal,"Leandro Trossard 进球",,"Leandro Trossard",away
194,66,"66",goal,"Kevin De Bruyne 进球",,"Kevin De Bruyne",away
195,66,"86",goal,"Romelu Lukaku 进球",,"Romelu Lukaku",away
196,66,"90+4",goal,"Alexis Saelemaekers 进球",,"Alexis Saelemaekers",away
197,67,"62",goal,"Jude Bellingham 进球",,"Jude Bellingham",away
198,67,"67",goal,"Harry Kane 进球",,"Harry Kane",away
199,68,"31",goal,"Petar Sucic 进球",,"Petar Sucic",home
200,68,"83",goal,"Nikola Vlasic 进球",,"Nikola Vlasic",home
201,68,"73",goal,"Derrick Luckassen 进球",,"Derrick Luckassen",away
202,70,"68",goal,"Yoane Wissa 点球破门",,"Yoane Wissa",home
203,70,"78",goal,"Fiston Mayele 进球",,"Fiston Mayele",home
204,70,"90+1",goal,"Yoane Wissa 进球",,"Yoane Wissa",home
205,70,"10",goal,"Eldor Shomurodov 进球",,"Eldor Shomurodov",away
206,71,"45",goal,"Rafik Belghali 进球",,"Rafik Belghali",home
207,71,"60",goal,"Riyad Mahrez 进球",,"Riyad Mahrez",home
208,71,"90+3",goal,"Riyad Mahrez 进球",,"Riyad Mahrez",home
209,71,"28",goal,"Marko Arnautovic 进球",,"Marko Arnautovic",away
210,71,"55",goal,"Marcel Sabitzer 进球",,"Marcel Sabitzer",away
211,71,"90+6",goal,"Sasa Kalajdzic 进球",,"Sasa Kalajdzic",away
212,72,"55",goal,"Mousa Al-Tamari 进球",,"Mousa Al-Tamari",home
213,72,"19",goal,"Giovani Lo Celso 进球",,"Giovani Lo Celso",away
214,72,"31",goal,"Lautaro Martínez 点球破门",,"Lautaro Martínez",away
215,72,"80",goal,"Lionel Messi 进球",,"Lionel Messi",away
216,73,"90+2",goal,"Stephan Eustáquio 进球",,"Stephan Eustáquio",away
217,74,"56",goal,"Casemiro 进球",,"Casemiro",home
218,74,"90+5",goal,"Gabriel Martinelli 进球",,"Gabriel Martinelli",home
219,74,"29",goal,"Kaishu Sano 进球",,"Kaishu Sano",away
220,75,"54",goal,"Kai Havertz 进球",,"Kai Havertz",home
221,75,"42",goal,"Julio Enciso 进球",,"Julio Enciso",away
222,76,"72",goal,"Cody Gakpo 进球",,"Cody Gakpo",home
223,76,"90+1",goal,"Issa Diop 进球",,"Issa Diop",away
224,77,"74",goal,"Amad Diallo 进球",,"Amad Diallo",home
225,77,"39",goal,"Antonio Nusa 进球",,"Antonio Nusa",away
226,77,"86",goal,"Erling Haaland 进球",,"Erling Haaland",away
227,78,"45",goal,"Kylian Mbappé 进球",,"Kylian Mbappé",home
228,78,"74",goal,"Kylian Mbappé 进球",,"Kylian Mbappé",home
229,78,"53",goal,"Bradley Barcola 进球",,"Bradley Barcola",home
230,79,"31",goal,"Julián Quiñones 进球",,"Julián Quiñones",home
231,79,"45+1",goal,"Raúl Jiménez 进球",,"Raúl Jiménez",home
232,80,"75",goal,"Harry Kane 进球",,"Harry Kane",home
233,80,"86",goal,"Harry Kane 进球",,"Harry Kane",home
234,80,"7",goal,"Brian Cipenga 进球",,"Brian Cipenga",away
235,81,"86",goal,"Romelu Lukaku 进球",,"Romelu Lukaku",home
236,81,"89",goal,"Youri Tielemans 进球",,"Youri Tielemans",home
237,81,"120+5",goal,"Youri Tielemans 点球破门",,"Youri Tielemans",home
238,81,"25",goal,"Habib Diarra 进球",,"Habib Diarra",away
239,81,"51",goal,"Ismaïla Sarr 进球",,"Ismaïla Sarr",away
240,82,"45",goal,"Folarin Balogun 进球",,"Folarin Balogun",home
241,82,"82",goal,"Malik Tillman 进球",,"Malik Tillman",home
242,83,"36",goal,"Mikel Oyarzabal 进球",,"Mikel Oyarzabal",home
243,83,"89",goal,"Mikel Oyarzabal 进球",,"Mikel Oyarzabal",home
244,83,"66",goal,"Pedro Porro 进球",,"Pedro Porro",home
245,84,"68",goal,"Cristiano Ronaldo 点球破门",,"Cristiano Ronaldo",home
246,84,"90+4",goal,"Gonçalo Ramos 进球",,"Gonçalo Ramos",home
247,84,"53",goal,"Ivan Perisic 进球",,"Ivan Perisic",away
248,85,"10",goal,"Breel Embolo 进球",,"Breel Embolo",home
249,85,"46",goal,"Dan Ndoye 进球",,"Dan Ndoye",home
250,86,"55",goal,"Mohamed Hany 进球",,"Mohamed Hany",home
251,86,"13",goal,"Emam Ashour 进球",,"Emam Ashour",away
252,87,"29",goal,"Lionel Messi 进球",,"Lionel Messi",home
253,87,"92",goal,"Lisandro Martínez 进球",,"Lisandro Martínez",home
254,87,"111",goal,"Diney Borges 进球",,"Diney Borges",home
255,87,"59",goal,"Deroy Duarte 进球",,"Deroy Duarte",away
256,87,"103",goal,"Sidny Lopes Cabral 进球",,"Sidny Lopes Cabral",away
257,88,"14",goal,"Jhon Arias 进球",,"Jhon Arias",home
258,89,"50",goal,"Azzedine Ounahi 进球",,"Azzedine Ounahi",away
259,89,"82",goal,"Azzedine Ounahi 进球",,"Azzedine Ounahi",away
260,89,"90+8",goal,"Soufiane Rahimi 进球",,"Soufiane Rahimi",away
261,90,"70",goal,"Kylian Mbappé 点球破门",,"Kylian Mbappé",away
262,91,"90+10",goal,"Neymar 点球破门",,"Neymar",home
263,91,"79",goal,"Erling Haaland 进球",,"Erling Haaland",away
264,91,"90",goal,"Erling Haaland 进球",,"Erling Haaland",away
265,92,"42",goal,"Julián Quiñones 进球",,"Julián Quiñones",home
266,92,"69",goal,"Raúl Jiménez 点球破门",,"Raúl Jiménez",home
267,92,"36",goal,"Jude Bellingham 进球",,"Jude Bellingham",away
268,92,"38",goal,"Jude Bellingham 进球",,"Jude Bellingham",away
269,92,"60",goal,"Harry Kane 点球破门",,"Harry Kane",away
270,93,"90+1",goal,"Mikel Merino 进球",,"Mikel Merino",away
271,94,"31",goal,"Malik Tillman 进球",,"Malik Tillman",home
272,94,"9",goal,"Charles De Ketelaere 进球",,"Charles De Ketelaere",away
273,94,"33",goal,"Charles De Ketelaere 进球",,"Charles De Ketelaere",away
274,94,"57",goal,"Hans Vanaken 进球",,"Hans Vanaken",away
275,94,"90+3",goal,"Romelu Lukaku 进球",,"Romelu Lukaku",away
276,95,"79",goal,"Cristian Romero 进球",,"Cristian Romero",home
277,95,"83",goal,"Lionel Messi 进球",,"Lionel Messi",home
278,95,"90+2",goal,"Enzo Fernández 进球",,"Enzo Fernández",home
279,95,"15",goal,"Yasser Ibrahim 进球",,"Yasser Ibrahim",away
280,95,"67",goal,"Mostafa Zico 进球",,"Mostafa Zico",away
281,97,"60",goal,"Kylian Mbappé 进球",,"Kylian Mbappé",home
282,97,"66",goal,"Ousmane Dembélé 进球",,"Ousmane Dembélé",home
283,98,"30",goal,"Fabián Ruiz 进球",,"Fabián Ruiz",home
284,98,"88",goal,"Mikel Merino 进球",,"Mikel Merino",home
285,98,"41",goal,"Charles De Ketelaere 进球",,"Charles De Ketelaere",away
286,99,"36",goal,"Andreas Schjelderup 进球",,"Andreas Schjelderup",home
287,99,"45+2",goal,"Jude Bellingham 进球",,"Jude Bellingham",away
288,99,"93",goal,"Jude Bellingham 进球",,"Jude Bellingham",away
289,100,"10",goal,"Alexis Mac Allister 进球",,"Alexis Mac Allister",home
290,100,"112",goal,"Julián Álvarez 进球",,"Julián Álvarez",home
291,100,"120+1",goal,"Lautaro Martínez 进球",,"Lautaro Martínez",home
292,100,"67",goal,"Dan Ndoye 进球",,"Dan Ndoye",away
293,101,"22",goal,"Mikel Oyarzabal 点球破门",,"Mikel Oyarzabal",away
294,101,"58",goal,"Pedro Porro 进球",,"Pedro Porro",away
295,102,"55",goal,"Anthony Gordon 进球",,"Anthony Gordon",home
296,102,"86",goal,"Enzo Fernández 进球",,"Enzo Fernández",away
297,102,"92",goal,"Lautaro Martínez 进球",,"Lautaro Martínez",away
298,103,"48",goal,"Kylian Mbappé 进球",,"Kylian Mbappé",home
299,103,"54",goal,"Bradley Barcola 进球",,"Bradley Barcola",home
300,103,"66",goal,"Kylian Mbappé 进球",,"Kylian Mbappé",home
301,103,"90+6",goal,"Ousmane Dembélé 进球",,"Ousmane Dembélé",home
302,103,"3",goal,"Declan Rice 进球",,"Declan Rice",away
303,103,"18",goal,"Ezri Konsa 进球",,"Ezri Konsa",away
304,103,"37",goal,"Bukayo Saka 进球",,"Bukayo Saka",away
305,103,"45+1",goal,"Bukayo Saka 进球",,"Bukayo Saka",away
306,103,"87",goal,"Bukayo Saka 点球破门",,"Bukayo Saka",away
307,103,"90+8",goal,"Jude Bellingham 进球",,"Jude Bellingham",away
308,104,"106",goal,"Ferran Torres 进球",,"Ferran Torres",home
