id,team_id,name,nameEn,number,position,nationality,age,height,weight,marketValue,club
1,4,"Matěj Kovář",,1,守门员,,,,2000-05-17,,,"PSV Eindhoven"
2,4,"David Zima",,2,后卫,,,,2000-11-08,,,"SK Slavia Praha"
3,4,"Tomáš Holeš",,3,后卫,,,,1993-03-31,,,"SK Slavia Praha"
4,4,"Robin Hranáč",,4,后卫,,,,2000-01-29,,,"TSG Hoffenheim"
5,4,"Vladimír Coufal",,5,后卫,,,,1992-08-22,,,"TSG Hoffenheim"
6,4,"Štěpán Chaloupek",,6,后卫,,,,2003-03-08,,,"SK Slavia Praha"
7,4,"Ladislav Krejčí",,7,后卫,,,,1999-04-20,,,"Wolverhampton Wanderers FC"
8,4,"Vladimír Darida",,8,中场,,,,1990-08-08,,,"FC Hradec Králové"
9,4,"Adam Hložek",,9,前锋,,,,2002-07-25,,,"TSG Hoffenheim"
10,4,"Patrik Schick",,10,前锋,,,,1996-01-24,,,"Bayer 04 Leverkusen"
11,4,"Jan Kuchta",,11,前锋,,,,1997-01-08,,,"AC Sparta Praha"
12,4,"Lukáš Červ",,12,中场,,,,2001-04-10,,,"FC Viktoria Plzeň"
13,4,"Mojmír Chytil",,13,前锋,,,,1999-04-29,,,"SK Slavia Praha"
14,4,"David Jurásek",,14,后卫,,,,2000-08-07,,,"SK Slavia Praha"
15,4,"Pavel Šulc",,15,前锋,,,,2000-12-29,,,"Olympique Lyonnais"
16,4,"Jindřich Staněk",,16,守门员,,,,1996-04-27,,,"SK Slavia Praha"
17,4,"Lukáš Provod",,17,中场,,,,1996-10-23,,,"SK Slavia Praha"
18,4,"Michal Sadílek",,18,中场,,,,1999-05-31,,,"SK Slavia Praha"
19,4,"Tomáš Chorý",,19,前锋,,,,1995-01-26,,,"SK Slavia Praha"
20,4,"Jaroslav Zelený",,20,后卫,,,,1992-08-20,,,"AC Sparta Praha"
21,4,"David Douděra",,21,后卫,,,,1998-05-31,,,"SK Slavia Praha"
22,4,"Tomáš Souček",,22,中场,,,,1995-02-27,,,"West Ham United FC"
23,4,"Lukáš Horníček",,23,守门员,,,,2002-07-13,,,"SC Braga"
24,4,"Alexandr Sojka",,24,中场,,,,2003-04-02,,,"FC Viktoria Plzeň"
25,4,"Hugo Sochůrek",,25,中场,,,,2008-06-07,,,"AC Sparta Praha"
26,4,"Denis Višinský",,26,前锋,,,,2003-03-21,,,"FC Viktoria Plzeň"
27,1,"Raúl Rangel",,1,守门员,,,,2000-02-25,,,"CD Guadalajara"
28,1,"Jorge Sánchez",,2,后卫,,,,1997-12-10,,,"PAOK Saloniki"
29,1,"César Montes",,3,后卫,,,,1997-02-24,,,"FC Lokomotiv Moscow"
30,1,"Edson Álvarez",,4,后卫,,,,1997-10-24,,,"Fenerbahçe SK"
31,1,"Johan Vásquez",,5,后卫,,,,1998-10-22,,,"Genoa CFC"
32,1,"Érik Lira",,6,中场,,,,2000-05-08,,,"CF Cruz Azul"
33,1,"Luis Romo",,7,中场,,,,1995-06-05,,,"CD Guadalajara"
34,1,"Álvaro Fidalgo",,8,中场,,,,1997-04-09,,,"Real Betis"
35,1,"Raúl Jiménez",,9,前锋,,,,1991-05-05,,,"Fulham FC"
36,1,"Alexis Vega",,10,前锋,,,,1997-11-25,,,"Deportivo Toluca FC"
37,1,"Santiago Giménez",,11,前锋,,,,2001-04-18,,,"AC Milan"
38,1,"Carlos Acevedo",,12,守门员,,,,1996-04-19,,,"Club Santos Laguna"
39,1,"Guillermo Ochoa",,13,守门员,,,,1985-07-13,,,"AEL Limassol"
40,1,"Armando González",,14,前锋,,,,2003-04-20,,,"CD Guadalajara"
41,1,"Israel Reyes",,15,后卫,,,,2000-05-23,,,"Club América"
42,1,"Julián Quiñones",,16,前锋,,,,1997-03-24,,,"Al Qadsiah FC"
43,1,"Orbelín Pineda",,17,中场,,,,1996-03-24,,,"AEK Athens"
44,1,"Obed Vargas",,18,中场,,,,2005-08-05,,,"Atlético De Madrid"
45,1,"Gilberto Mora",,19,中场,,,,2008-10-14,,,"Club Tijuana"
46,1,"Mateo Chávez",,20,后卫,,,,2004-05-12,,,"AZ Alkmaar"
47,1,"César Huerta",,21,前锋,,,,2000-12-03,,,"RSC Anderlecht"
48,1,"Guillermo Martínez",,22,前锋,,,,1995-03-15,,,"Pumas UNAM"
49,1,"Jesús Gallardo",,23,后卫,,,,1994-08-15,,,"Deportivo Toluca FC"
50,1,"Luis Chávez",,24,中场,,,,1996-01-15,,,"FC Dynamo Moscow"
51,1,"Roberto Alvarado",,25,前锋,,,,1998-09-07,,,"CD Guadalajara"
52,1,"Brian Gutiérrez",,26,中场,,,,2003-06-17,,,"CD Guadalajara"
53,2,"Ronwen Williams",,1,守门员,,,,1992-01-21,,,"Mamelodi Sundowns FC"
54,2,"Thabang Matuludi",,2,后卫,,,,1999-01-14,,,"Polokwane City FC"
55,2,"Khulumani Ndamane",,3,后卫,,,,2004-02-05,,,"Mamelodi Sundowns FC"
56,2,"Teboho Mokoena",,4,中场,,,,1997-01-24,,,"Mamelodi Sundowns FC"
57,2,"Thalente Mbatha",,5,中场,,,,2000-03-06,,,"Orlando Pirates FC"
58,2,"Aubrey Modiba",,6,后卫,,,,1995-07-22,,,"Mamelodi Sundowns FC"
59,2,"Oswin Appollis",,7,前锋,,,,2001-08-25,,,"Orlando Pirates FC"
60,2,"Tshepang Moremi",,8,前锋,,,,2000-10-02,,,"Orlando Pirates FC"
61,2,"Lyle Foster",,9,前锋,,,,2000-09-03,,,"Burnley FC"
62,2,"Relebohile Mofokeng",,10,前锋,,,,2004-10-23,,,"Orlando Pirates FC"
63,2,"Themba Zwane",,11,中场,,,,1989-08-03,,,"Mamelodi Sundowns FC"
64,2,"Thapelo Maseko",,12,前锋,,,,2003-11-11,,,"AEL Limassol"
65,2,"Sphephelo Sithole",,13,中场,,,,1999-03-03,,,"CD Tondela"
66,2,"Mbekezeli Mbokazi",,14,后卫,,,,2005-09-19,,,"Chicago Fire FC"
67,2,"Iqraam Rayners",,15,前锋,,,,1995-12-19,,,"Mamelodi Sundowns FC"
68,2,"Sipho Chaine",,16,守门员,,,,1996-12-14,,,"Orlando Pirates FC"
69,2,"Evidence Makgopa",,17,前锋,,,,2000-06-05,,,"Orlando Pirates FC"
70,2,"Samukele Kabini",,18,后卫,,,,2004-03-15,,,"Molde FK"
71,2,"Nkosinathi Sibisi",,19,后卫,,,,1995-09-22,,,"Orlando Pirates FC"
72,2,"Khuliso Mudau",,20,后卫,,,,1995-04-26,,,"Mamelodi Sundowns FC"
73,2,"Ime Okon",,21,后卫,,,,2004-02-20,,,"Hannover 96"
74,2,"Ricardo Goss",,22,守门员,,,,1994-04-02,,,"Siwelele FC"
75,2,"Jayden Adams",,23,中场,,,,2001-05-05,,,"Mamelodi Sundowns FC"
76,2,"Olwethu Makhanya",,24,后卫,,,,2004-04-30,,,"Philadelphia Union"
77,2,"Kamogelo Sebelebele",,25,前锋,,,,2002-07-21,,,"Orlando Pirates FC"
78,2,"Bradley Cross",,26,后卫,,,,2001-01-30,,,"Kaizer Chiefs FC"
79,3,"Kim Seung-gyu",,1,守门员,,,,1990-09-30,,,"FC Tokyo"
80,3,"Lee Han-beom",,2,后卫,,,,2002-06-17,,,"FC Midtjylland"
81,3,"Lee Gi-hyuk",,3,中场,,,,2000-07-07,,,"Gangwon FC"
82,3,"Kim Min-jae",,4,后卫,,,,1996-11-15,,,"FC Bayern München"
83,3,"Kim Tae-hyeon",,5,后卫,,,,2000-09-17,,,"Kashima Antlers"
84,3,"Hwang In-beom",,6,中场,,,,1996-09-20,,,"Feyenoord Rotterdam"
85,3,"Son Heung-min",,7,前锋,,,,1992-07-08,,,"LAFC"
86,3,"Paik Seung-ho",,8,中场,,,,1997-03-17,,,"Birmingham City FC"
87,3,"Cho Gue-sung",,9,前锋,,,,1998-01-25,,,"FC Midtjylland"
88,3,"Lee Jae-sung",,10,中场,,,,1992-08-10,,,"1. FSV Mainz 05"
89,3,"Hwang Hee-chan",,11,中场,,,,1996-01-26,,,"Wolverhampton Wanderers FC"
90,3,"Song Bum-keun",,12,守门员,,,,1997-10-15,,,"Jeonbuk Hyundai Motors FC"
91,3,"Lee Tae-seok",,13,后卫,,,,2002-07-28,,,"FK Austria Wien"
92,3,"Cho Wi-je",,14,后卫,,,,2001-08-25,,,"Jeonbuk Hyundai Motors FC"
93,3,"Kim Moon-hwan",,15,后卫,,,,1995-08-01,,,"Daejeon Hana Citizen FC"
94,3,"Park Jin-seob",,16,后卫,,,,1995-10-23,,,"Zhejiang FC"
95,3,"Bae Jun-ho",,17,中场,,,,2003-08-21,,,"Stoke City FC"
96,3,"Oh Hyeon-gyu",,18,前锋,,,,2001-04-12,,,"Beşiktaş JK"
97,3,"Lee Kang-in",,19,中场,,,,2001-02-19,,,"Paris Saint-Germain"
98,3,"Yang Hyun-jun",,20,中场,,,,2002-05-25,,,"Celtic FC"
99,3,"Jo Hyeon-woo",,21,守门员,,,,1991-09-25,,,"Ulsan HD"
100,3,"Seol Young-woo",,22,后卫,,,,1998-12-05,,,"FK Crvena Zvezda"
101,3,"Jens Castrop",,23,后卫,,,,2003-07-29,,,"Borussia Mönchengladbach"
102,3,"Kim Jin-gyu",,24,中场,,,,1997-02-24,,,"Jeonbuk Hyundai Motors FC"
103,3,"Eom Ji-sung",,25,中场,,,,2002-05-09,,,"Swansea City AFC"
104,3,"Lee Dong-gyeong",,26,中场,,,,1997-09-20,,,"Ulsan HD"
105,5,"Dayne St. Clair",,1,守门员,,,,1997-05-09,,,"Inter Miami CF"
106,5,"Alistair Johnston",,2,后卫,,,,1998-10-08,,,"Celtic FC"
107,5,"Alfie Jones",,3,后卫,,,,1997-10-07,,,"Middlesbrough FC"
108,5,"Luc de Fougerolles",,4,后卫,,,,2005-10-12,,,"FCV Dender EH"
109,5,"Joel Waterman",,5,后卫,,,,1996-01-24,,,"Chicago Fire FC"
110,5,"Mathieu Choinière",,6,中场,,,,1999-02-07,,,"LAFC"
111,5,"Stephen Eustáquio",,7,中场,,,,1996-12-21,,,"LAFC"
112,5,"Ismaël Koné",,8,中场,,,,2002-06-16,,,"US Sassuolo"
113,5,"Cyle Larin",,9,前锋,,,,1995-04-17,,,"Southampton FC"
114,5,"Jonathan David",,10,前锋,,,,2000-01-14,,,"Juventus FC"
115,5,"Liam Millar",,11,中场,,,,1999-09-27,,,"Hull City FC"
116,5,"Tani Oluwaseyi",,12,前锋,,,,2000-05-15,,,"Villarreal CF"
117,5,"Derek Cornelius",,13,后卫,,,,1997-11-25,,,"Rangers FC"
118,5,"Jacob Shaffelburg",,14,中场,,,,1999-11-26,,,"LAFC"
119,5,"Moïse Bombito",,15,后卫,,,,2000-03-30,,,"OGC Nice"
120,5,"Maxime Crépeau",,16,守门员,,,,1994-05-11,,,"Orlando City SC"
121,5,"Tajon Buchanan",,17,前锋,,,,1999-02-08,,,"Villarreal CF"
122,5,"Owen Goodman",,18,守门员,,,,2003-11-27,,,"Barnsley"
123,5,"Alphonso Davies",,19,后卫,,,,2000-11-02,,,"FC Bayern München"
124,5,"Ali Ahmed",,20,前锋,,,,2000-10-10,,,"Norwich City FC"
125,5,"Jonathan Osorio",,21,中场,,,,1992-06-12,,,"Toronto FC"
126,5,"Richie Laryea",,22,后卫,,,,1995-01-07,,,"Toronto FC"
127,5,"Niko Sigur",,23,后卫,,,,2003-09-09,,,"HNK Hajduk Split"
128,5,"Promise David",,24,前锋,,,,2001-07-03,,,"Royale Union Saint-Gilloise"
129,5,"Nathan Saliba",,25,中场,,,,2004-02-07,,,"RSC Anderlecht"
130,5,"Jayden Nelson",,26,中场,,,,2002-02-07,,,"Austin FC"
131,7,"Mahmud Abunada",,1,守门员,,,,2000-02-05,,,"Al Rayyan SC"
132,7,"Pedro Miguel",,2,后卫,,,,1990-08-06,,,"Al Sadd SC"
133,7,"Lucas Mendes",,3,后卫,,,,1990-07-03,,,"Al Wakrah SC"
134,7,"Issa Laye",,4,后卫,,,,1997-12-22,,,"Al Arabi SC"
135,7,"Jassem Gaber",,5,后卫,,,,2002-02-20,,,"Al Rayyan SC"
136,7,"Abdulaziz Hatem",,6,中场,,,,1990-01-01,,,"Al Rayyan SC"
137,7,"Ahmed Alaaeldin",,7,前锋,,,,1993-01-31,,,"Al Rayyan SC"
138,7,"Edmilson Junior",,8,前锋,,,,1994-08-19,,,"Al Duhail SC"
139,7,"Mohammed Muntari",,9,前锋,,,,1993-12-20,,,"Al Gharafa SC"
140,7,"Hassan Al-Haydos",,10,前锋,,,,1990-12-11,,,"Al Sadd SC"
141,7,"Akram Afif",,11,前锋,,,,1996-11-18,,,"Al Sadd SC"
142,7,"Karim Boudiaf",,12,中场,,,,1990-09-16,,,"Al Duhail SC"
143,7,"Ayoub Al-Oui",,13,后卫,,,,2005-03-11,,,"Al Gharafa SC"
144,7,"Homam Ahmed",,14,后卫,,,,1999-08-25,,,"Cultural Leonesa"
145,7,"Yusuf Abdurisag",,15,前锋,,,,1999-08-06,,,"Al Wakrah SC"
146,7,"Boualem Khoukhi",,16,后卫,,,,1990-07-09,,,"Al Sadd SC"
147,7,"Ahmed Al-Ganehi",,17,中场,,,,2000-09-22,,,"Al Gharafa SC"
148,7,"Sultan Al-Brake",,18,后卫,,,,1996-04-07,,,"Al Duhail SC"
149,7,"Almoez Ali",,19,前锋,,,,1996-08-19,,,"Al Duhail SC"
150,7,"Ahmed Fathy",,20,中场,,,,1993-01-25,,,"Al Arabi SC"
151,7,"Salah Zakaria",,21,守门员,,,,1999-04-24,,,"Al Duhail SC"
152,7,"Meshaal Barsham",,22,守门员,,,,1998-02-14,,,"Al Sadd SC"
153,7,"Assim Madibo",,23,中场,,,,1996-10-22,,,"Al Wakrah SC"
154,7,"Tahsin Jamshid",,24,前锋,,,,2006-06-16,,,"Al Duhail SC"
155,7,"Al-Hashmi Al-Hussain",,25,后卫,,,,2003-08-15,,,"Al Arabi SC"
156,7,"Mohamed Manai",,26,前锋,,,,2002-10-25,,,"Al Shamal SC"
157,8,"Gregor Kobel",,1,守门员,,,,1997-12-06,,,"Borussia Dortmund"
158,8,"Miro Muheim",,2,后卫,,,,1998-03-24,,,"Hamburger SV"
159,8,"Silvan Widmer",,3,后卫,,,,1993-03-05,,,"1. FSV Mainz 05"
160,8,"Nico Elvedi",,4,后卫,,,,1996-09-30,,,"Borussia Mönchengladbach"
161,8,"Manuel Akanji",,5,后卫,,,,1995-07-19,,,"FC Internazionale Milano"
162,8,"Denis Zakaria",,6,中场,,,,1996-11-20,,,"AS Monaco"
163,8,"Breel Embolo",,7,前锋,,,,1997-02-14,,,"Stade Rennais FC"
164,8,"Remo Freuler",,8,中场,,,,1992-04-15,,,"Bologna FC"
165,8,"Johan Manzambi",,9,中场,,,,2005-10-14,,,"SC Freiburg"
166,8,"Granit Xhaka",,10,中场,,,,1992-09-27,,,"Sunderland AFC"
167,8,"Dan Ndoye",,11,前锋,,,,2000-10-25,,,"Nottingham Forest FC"
168,8,"Yvon Mvogo",,12,守门员,,,,1994-06-06,,,"FC Lorient"
169,8,"Ricardo Rodriguez",,13,后卫,,,,1992-08-25,,,"Real Betis"
170,8,"Ardon Jashari",,14,中场,,,,2002-07-30,,,"AC Milan"
171,8,"Djibril Sow",,15,中场,,,,1997-02-06,,,"Sevilla FC"
172,8,"Christian Fassnacht",,16,前锋,,,,1993-11-11,,,"BSC Young Boys"
173,8,"Rubén Vargas",,17,前锋,,,,1998-08-05,,,"Sevilla FC"
174,8,"Eray Cömert",,18,后卫,,,,1998-02-04,,,"Valencia CF"
175,8,"Noah Okafor",,19,前锋,,,,2000-05-24,,,"Leeds United FC"
176,8,"Michel Aebischer",,20,中场,,,,1997-01-06,,,"Pisa SC"
177,8,"Marvin Keller",,21,守门员,,,,2002-07-03,,,"BSC Young Boys"
178,8,"Fabian Rieder",,22,中场,,,,2002-02-16,,,"FC Augsburg"
179,8,"Zeki Amdouni",,23,前锋,,,,2000-12-04,,,"Burnley FC"
180,8,"Aurèle Amenda",,24,后卫,,,,2003-07-31,,,"Eintracht Frankfurt"
181,8,"Luca Jaquez",,25,后卫,,,,2003-06-02,,,"VfB Stuttgart"
182,8,"Cedric Itten",,26,前锋,,,,1996-12-27,,,"Fortuna Düsseldorf"
183,9,"Alisson",,1,守门员,,,,1992-10-02,,,"Liverpool FC"
184,9,"Éderson Silva",,2,中场,,,,1999-07-07,,,"Atalanta Bergamo"
185,9,"Gabriel Magalhães",,3,后卫,,,,1997-12-19,,,"Arsenal FC"
186,9,"Marquinhos",,4,后卫,,,,1994-05-14,,,"Paris Saint-Germain"
187,9,"Casemiro",,5,中场,,,,1992-02-23,,,"Manchester United FC"
188,9,"Alex Sandro",,6,后卫,,,,1991-01-26,,,"CR Flamengo"
189,9,"Vinícius Júnior",,7,前锋,,,,2000-07-12,,,"Real Madrid C. F."
190,9,"Bruno Guimarães",,8,中场,,,,1997-11-16,,,"Newcastle United FC"
191,9,"Matheus Cunha",,9,前锋,,,,1999-05-27,,,"Manchester United FC"
192,9,"Neymar",,10,前锋,,,,1992-02-05,,,"Santos FC"
193,9,"Raphinha",,11,前锋,,,,1996-12-14,,,"FC Barcelona"
194,9,"Weverton",,12,守门员,,,,1987-12-13,,,"Grêmio FBPA"
195,9,"Danilo Luiz",,13,后卫,,,,1991-07-15,,,"CR Flamengo"
196,9,"Bremer",,14,后卫,,,,1997-03-18,,,"Juventus FC"
197,9,"Léo Pereira",,15,后卫,,,,1996-01-31,,,"CR Flamengo"
198,9,"Douglas Santos",,16,后卫,,,,1994-03-22,,,"FC Zenit St. Petersburg"
199,9,"Fabinho",,17,中场,,,,1993-10-23,,,"Al Ittihad"
200,9,"Danilo Santos",,18,中场,,,,2001-04-29,,,"Botafogo"
201,9,"Endrick",,19,前锋,,,,2006-07-21,,,"Olympique Lyonnais"
202,9,"Lucas Paquetá",,20,中场,,,,1997-08-27,,,"CR Flamengo"
203,9,"Luiz Henrique",,21,前锋,,,,2001-01-02,,,"FC Zenit St. Petersburg"
204,9,"Gabriel Martinelli",,22,前锋,,,,2001-06-18,,,"Arsenal FC"
205,9,"Ederson Moraes",,23,守门员,,,,1993-08-17,,,"Fenerbahçe SK"
206,9,"Roger Ibañez",,24,后卫,,,,1998-11-23,,,"Al Ahli FC"
207,9,"Igor Thiago",,25,前锋,,,,2001-06-26,,,"Brentford FC"
208,9,"Rayan",,26,前锋,,,,2006-08-03,,,"AFC Bournemouth"
209,11,"Johny Placide",,1,守门员,,,,1988-01-29,,,"SC Bastia"
210,11,"Carlens Arcus",,2,后卫,,,,1996-06-28,,,"Angers SCO"
211,11,"Keeto Thermoncy",,3,后卫,,,,2006-03-29,,,"BSC Young Boys"
212,11,"Ricardo Adé",,4,后卫,,,,1990-05-21,,,"LDU Quito"
213,11,"Hannes Delcroix",,5,后卫,,,,1999-02-28,,,"FC Lugano"
214,11,"Carl Sainté",,6,中场,,,,2002-08-09,,,"El Paso Locomotive FC"
215,11,"Derrick Etienne Jr.",,7,前锋,,,,1996-11-25,,,"Toronto FC"
216,11,"Martin Expérience",,8,后卫,,,,1999-03-09,,,"AS Nancy"
217,11,"Duckens Nazon",,9,前锋,,,,1994-04-07,,,"Esteghlal Tehran FC"
218,11,"Jean-Ricner Bellegarde",,10,中场,,,,1998-06-27,,,"Wolverhampton Wanderers FC"
219,11,"Louicius Deedson",,11,前锋,,,,2001-02-11,,,"FC Dallas"
220,11,"Alexandre Pierre",,12,守门员,,,,2001-02-25,,,"FC Sochaux-Montbéliard"
221,11,"Duke Lacroix",,13,后卫,,,,1993-10-14,,,"Colorado Springs Switchbacks FC"
222,11,"Leverton Pierre",,14,中场,,,,1998-03-09,,,"Colorado Springs Switchbacks FC"
223,11,"Ruben Providence",,15,前锋,,,,2001-07-07,,,"Almere City FC"
224,11,"Lenny Joseph",,16,前锋,,,,2000-10-12,,,"Ferencvárosi TC"
225,11,"Danley Jean Jacques",,17,中场,,,,2000-05-20,,,"Philadelphia Union"
226,11,"Wilson Isidor",,18,前锋,,,,2000-08-27,,,"Sunderland AFC"
227,11,"Yassin Fortuné",,19,前锋,,,,1999-01-30,,,"FC Vizela"
228,11,"Frantzdy Pierrot",,20,前锋,,,,1995-03-29,,,"Çaykur Rizespor"
229,11,"Josué Casimir",,21,前锋,,,,2001-09-24,,,"AJ Auxerre"
230,11,"Jean-Kévin Duverne",,22,后卫,,,,1997-07-12,,,"KAA Gent"
231,11,"Josué Duverger",,23,守门员,,,,2000-04-27,,,"FC Cosmos Koblenz"
232,11,"Wilguens Paugain",,24,后卫,,,,2001-08-24,,,"SV Zulte Waregem"
233,11,"Dominique Simon",,25,中场,,,,2000-07-29,,,"FC Tatran Prešov"
234,11,"Woodensky Pierre",,26,中场,,,,2004-12-30,,,"Violette AC"
235,10,"Yassine Bounou",,1,守门员,,,,1991-04-05,,,"Al Hilal SC"
236,10,"Achraf Hakimi",,2,后卫,,,,1998-11-04,,,"Paris Saint-Germain"
237,10,"Noussair Mazraoui",,3,后卫,,,,1997-11-14,,,"Manchester United FC"
238,10,"Sofyan Amrabat",,4,中场,,,,1996-08-21,,,"Real Betis"
239,10,"Nayef Aguerd",,5,后卫,,,,1996-03-30,,,"Al Fateh SC"
240,10,"Ayyoub Bouaddi",,6,中场,,,,2007-10-02,,,"Lille OSC"
241,10,"Chemsdine Talbi",,7,中场,,,,2005-05-09,,,"Sunderland AFC"
242,10,"Azzedine Ounahi",,8,中场,,,,2000-04-19,,,"Girona FC"
243,10,"Soufiane Rahimi",,9,前锋,,,,1996-06-02,,,"Al Ain FC"
244,10,"Brahim Díaz",,10,前锋,,,,1999-08-03,,,"Real Madrid C. F."
245,10,"Ismael Saibari",,11,中场,,,,2001-01-28,,,"PSV Eindhoven"
246,10,"Munir Mohamedi",,12,守门员,,,,1989-05-10,,,"RS Berkane"
247,10,"Zakaria El Ouahdi",,13,后卫,,,,2001-12-31,,,"KRC Genk"
248,10,"Issa Diop",,14,后卫,,,,1997-01-09,,,"Fulham FC"
249,10,"Samir El Mourabet",,15,中场,,,,2005-10-06,,,"RC Strasbourg"
250,10,"Gessime Yassine",,16,中场,,,,2005-11-22,,,"RC Strasbourg"
251,10,"Abde Ezzalzouli",,17,前锋,,,,2001-12-17,,,"Angers SCO"
252,10,"Chadi Riad",,18,后卫,,,,2003-06-17,,,"Crystal Palace FC"
253,10,"Youssef Belammari",,19,后卫,,,,1998-09-20,,,"Al Ahly FC"
254,10,"Ayoub El Kaabi",,20,前锋,,,,1993-06-25,,,"Olympiacos FC"
255,10,"Ayoube Amaimouni",,21,前锋,,,,2004-11-30,,,"Eintracht Frankfurt"
256,10,"Ahmed Reda Tagnaouti",,22,守门员,,,,1996-04-05,,,"ASFAR"
257,10,"Bilal El Khannouss",,23,中场,,,,2004-05-10,,,"VfB Stuttgart"
258,10,"Neil El Aynaoui",,24,中场,,,,2001-07-02,,,"AS Roma"
259,10,"Redouane Halhal",,25,后卫,,,,2003-03-05,,,"KV Mechelen"
260,10,"Anass Salah-Eddine",,26,后卫,,,,2002-01-18,,,"PSV Eindhoven"
261,12,"Angus Gunn",,1,守门员,,,,1996-01-22,,,"Nottingham Forest FC"
262,12,"Aaron Hickey",,2,后卫,,,,2002-06-10,,,"Brentford FC"
263,12,"Andy Robertson",,3,后卫,,,,1994-03-11,,,"Liverpool FC"
264,12,"Scott McTominay",,4,中场,,,,1996-12-08,,,"SSC Napoli"
265,12,"Grant Hanley",,5,后卫,,,,1991-11-20,,,"Hibernian FC"
266,12,"Kieran Tierney",,6,后卫,,,,1997-06-05,,,"Celtic FC"
267,12,"John McGinn",,7,中场,,,,1994-10-18,,,"Aston Villa FC"
268,12,"Tyler Fletcher",,8,中场,,,,2007-03-19,,,"Manchester United FC"
269,12,"Lyndon Dykes",,9,前锋,,,,1995-10-07,,,"Charlton Athletic FC"
270,12,"Ché Adams",,10,前锋,,,,1996-07-13,,,"Torino FC"
271,12,"Ryan Christie",,11,中场,,,,1995-02-22,,,"AFC Bournemouth"
272,12,"Liam Kelly",,12,守门员,,,,1996-01-23,,,"Rangers FC"
273,12,"Jack Hendry",,13,后卫,,,,1995-05-07,,,"Al Ettifaq FC"
274,12,"Ross Stewart",,14,前锋,,,,1996-07-11,,,"Southampton FC"
275,12,"John Souttar",,15,后卫,,,,1996-09-25,,,"Rangers FC"
276,12,"Dominic Hyam",,16,后卫,,,,1995-12-20,,,"Wrexham AFC"
277,12,"Ben Gannon-Doak",,17,前锋,,,,2005-11-11,,,"AFC Bournemouth"
278,12,"George Hirst",,18,前锋,,,,1999-02-15,,,"Ipswich Town FC"
279,12,"Lewis Ferguson",,19,中场,,,,1999-08-24,,,"Bologna FC"
280,12,"Lawrence Shankland",,20,前锋,,,,1995-08-10,,,"Heart Of Midlothian FC"
281,12,"Craig Gordon",,21,守门员,,,,1982-12-31,,,"Heart Of Midlothian FC"
282,12,"Nathan Patterson",,22,后卫,,,,2001-10-16,,,"Everton FC"
283,12,"Kenny McLean",,23,中场,,,,1992-01-08,,,"Norwich City FC"
284,12,"Anthony Ralston",,24,后卫,,,,1998-11-16,,,"Celtic FC"
285,12,"Findlay Curtis",,25,前锋,,,,2006-06-09,,,"Kilmarnock FC"
286,12,"Scott McKenna",,26,后卫,,,,1996-11-12,,,"GNK Dinamo Zagreb"
287,15,"Mathew Ryan",,1,守门员,,,,1992-04-08,,,"Levante UD"
288,15,"Miloš Degenek",,2,后卫,,,,1994-04-28,,,"APOEL FC"
289,15,"Alessandro Circati",,3,后卫,,,,2003-10-10,,,"Parma"
290,15,"Jacob Italiano",,4,后卫,,,,2001-07-30,,,"Grazer AK"
291,15,"Jordan Bos",,5,后卫,,,,2002-10-29,,,"Feyenoord Rotterdam"
292,15,"Jason Geria",,6,后卫,,,,1993-05-10,,,"Albirex Niigata"
293,15,"Mathew Leckie",,7,前锋,,,,1991-02-04,,,"Melbourne City FC"
294,15,"Connor Metcalfe",,8,中场,,,,1999-11-05,,,"FC St. Pauli"
295,15,"Mohamed Touré",,9,前锋,,,,2004-03-26,,,"Norwich City FC"
296,15,"Ajdin Hrustic",,10,前锋,,,,1996-07-05,,,"SC Heracles Almelo"
297,15,"Awer Mabil",,11,前锋,,,,1995-09-15,,,"CD Castellón"
298,15,"Paul Izzo",,12,守门员,,,,1995-01-06,,,"Randers FC"
299,15,"Aiden O'Neill",,13,中场,,,,1998-07-04,,,"New York City FC"
300,15,"Cammy Devlin",,14,中场,,,,1998-06-07,,,"Heart Of Midlothian FC"
301,15,"Kai Trewin",,15,后卫,,,,2001-05-18,,,"New York City FC"
302,15,"Aziz Behich",,16,后卫,,,,1990-12-16,,,"Melbourne City FC"
303,15,"Nestory Irankunda",,17,前锋,,,,2006-02-09,,,"Watford FC"
304,15,"Patrick Beach",,18,守门员,,,,2003-08-06,,,"Melbourne City FC"
305,15,"Harry Souttar",,19,后卫,,,,1998-10-22,,,"Leicester City FC"
306,15,"Cristian Volpato",,20,前锋,,,,2003-11-15,,,"US Sassuolo"
307,15,"Cameron Burgess",,21,后卫,,,,1995-10-21,,,"Swansea City AFC"
308,15,"Jackson Irvine",,22,中场,,,,1993-03-07,,,"FC St. Pauli"
309,15,"Nishan Velupillay",,23,前锋,,,,2001-05-07,,,"Melbourne Victory FC"
310,15,"Paul Okon-Engstler",,24,中场,,,,2005-01-24,,,"Sydney FC"
311,15,"Lucas Herrington",,25,后卫,,,,2007-09-05,,,"Colorado Rapids"
312,15,"Tete Yengi",,26,前锋,,,,2000-11-28,,,"FC Machida Zelvia"
313,14,"Gatito Fernández",,1,守门员,,,,1988-03-29,,,"Cerro Porteño"
314,14,"Gustavo Velázquez",,2,后卫,,,,1991-04-17,,,"Cerro Porteño"
315,14,"Omar Alderete",,3,后卫,,,,1996-12-26,,,"Sunderland AFC"
316,14,"Juan José Cáceres",,4,后卫,,,,2000-06-01,,,"FC Dynamo Moscow"
317,14,"Fabián Balbuena",,5,后卫,,,,1991-08-23,,,"Grêmio FBPA"
318,14,"Júnior Alonso",,6,后卫,,,,1993-02-09,,,"Atlético Mineiro"
319,14,"Ramón Sosa",,7,中场,,,,1999-08-31,,,"SE Palmeiras"
320,14,"Diego Gómez",,8,中场,,,,2003-03-27,,,"Brighton & Hove Albion FC"
321,14,"Antonio Sanabria",,9,前锋,,,,1996-03-04,,,"US Cremonese"
322,14,"Miguel Almirón",,10,中场,,,,1994-02-10,,,"Atlanta United FC"
323,14,"Maurício",,11,中场,,,,2001-06-22,,,"SE Palmeiras"
324,14,"Orlando Gill",,12,守门员,,,,2000-06-11,,,"CA San Lorenzo"
325,14,"José Canale",,13,后卫,,,,1996-07-20,,,"CA Lanús"
326,14,"Andrés Cubas",,14,中场,,,,1996-05-11,,,"Vancouver Whitecaps FC"
327,14,"Gustavo Gómez",,15,后卫,,,,1993-05-06,,,"SE Palmeiras"
328,14,"Damián Bobadilla",,16,中场,,,,2001-07-11,,,"São Paulo FC"
329,14,"Kaku",,17,前锋,,,,1995-01-11,,,"Al Ain FC"
330,14,"Álex Arce",,18,前锋,,,,1995-06-16,,,"CS Independiente Rivadavia"
331,14,"Julio Enciso",,19,前锋,,,,2004-01-23,,,"RC Strasbourg"
332,14,"Braian Ojeda",,20,中场,,,,2000-06-27,,,"Orlando City SC"
333,14,"Gabriel Ávalos",,21,前锋,,,,1990-10-12,,,"CA Independiente"
334,14,"Gastón Olveira",,22,守门员,,,,1993-04-21,,,"Club Olimpia"
335,14,"Matías Galarza",,23,中场,,,,2002-02-11,,,"Atlanta United FC"
336,14,"Gustavo Caballero",,24,中场,,,,2001-09-21,,,"Portsmouth FC"
337,14,"Isidro Pitta",,25,前锋,,,,1999-08-14,,,"Red Bull Bragantino"
338,14,"Alexandro Maidana",,26,后卫,,,,2005-07-26,,,"CA Talleres"
339,16,"Mert Günok",,1,守门员,,,,1989-03-01,,,"Fenerbahçe SK"
340,16,"Zeki Çelik",,2,后卫,,,,1997-02-17,,,"AS Roma"
341,16,"Merih Demiral",,3,后卫,,,,1998-03-05,,,"Al Ahli FC"
342,16,"Çağlar Söyüncü",,4,后卫,,,,1996-05-23,,,"Fenerbahçe SK"
343,16,"Salih Özcan",,5,中场,,,,1998-01-11,,,"Borussia Dortmund"
344,16,"Orkun Kökçü",,6,中场,,,,2000-12-29,,,"Beşiktaş JK"
345,16,"Kerem Aktürkoğlu",,7,前锋,,,,1998-10-21,,,"Fenerbahçe SK"
346,16,"Arda Güler",,8,前锋,,,,2005-02-25,,,"Real Madrid C. F."
347,16,"Deniz Gül",,9,前锋,,,,2004-07-02,,,"FC Porto"
348,16,"Hakan Çalhanoğlu",,10,中场,,,,1994-02-08,,,"FC Internazionale Milano"
349,16,"Kenan Yıldız",,11,前锋,,,,2005-05-04,,,"Juventus FC"
350,16,"Altay Bayındır",,12,守门员,,,,1998-04-14,,,"Manchester United FC"
351,16,"Eren Elmalı",,13,后卫,,,,2000-07-07,,,"Galatasaray SK"
352,16,"Abdülkerim Bardakcı",,14,后卫,,,,1994-09-07,,,"Galatasaray SK"
353,16,"Ozan Kabak",,15,后卫,,,,2000-03-25,,,"TSG Hoffenheim"
354,16,"İsmail Yüksek",,16,中场,,,,1999-01-26,,,"Fenerbahçe SK"
355,16,"İrfan Can Kahveci",,17,前锋,,,,1995-07-15,,,"Kasımpaşa SK"
356,16,"Mert Müldür",,18,后卫,,,,1999-04-03,,,"Fenerbahçe SK"
357,16,"Yunus Akgün",,19,前锋,,,,2000-07-07,,,"Galatasaray SK"
358,16,"Ferdi Kadıoğlu",,20,后卫,,,,1999-10-07,,,"Brighton & Hove Albion FC"
359,16,"Barış Alper Yılmaz",,21,前锋,,,,2000-05-23,,,"Galatasaray SK"
360,16,"Kaan Ayhan",,22,中场,,,,1994-11-10,,,"Galatasaray SK"
361,16,"Uğurcan Çakır",,23,守门员,,,,1996-04-05,,,"Galatasaray SK"
362,16,"Oğuz Aydın",,24,前锋,,,,2000-10-27,,,"Fenerbahçe SK"
363,16,"Samet Akaydin",,25,后卫,,,,1994-03-13,,,"Çaykur Rizespor"
364,16,"Can Uzun",,26,前锋,,,,2005-11-11,,,"Eintracht Frankfurt"
365,18,"Eloy Room",,1,守门员,,,,1989-02-06,,,"Miami FC"
366,18,"Shurandy Sambo",,2,后卫,,,,2001-08-19,,,"Sparta Rotterdam"
367,18,"Juriën Gaari",,3,后卫,,,,1993-12-23,,,"Abha Club"
368,18,"Roshon van Eijma",,4,后卫,,,,1998-06-09,,,"RKC Waalwijk"
369,18,"Sherel Floranus",,5,后卫,,,,1998-08-23,,,"PEC Zwolle"
370,18,"Godfried Roemeratoe",,6,中场,,,,1999-08-19,,,"RKC Waalwijk"
371,18,"Juninho Bacuna",,7,中场,,,,1997-08-07,,,"FC Volendam"
372,18,"Livano Comenencia",,8,中场,,,,2004-02-03,,,"FC Zürich"
373,18,"Jürgen Locadia",,9,前锋,,,,1993-11-07,,,"Miami FC"
374,18,"Leandro Bacuna",,10,中场,,,,1991-08-21,,,"Iğdır FK"
375,18,"Jeremy Antonisse",,11,前锋,,,,2002-03-29,,,"AE Kifisia FC"
376,18,"Sontje Hansen",,12,前锋,,,,2002-05-18,,,"Middlesbrough FC"
377,18,"Tyrese Noslin",,13,前锋,,,,2002-09-11,,,"SC Telstar"
378,18,"Kenji Gorré",,14,前锋,,,,1994-09-29,,,"Maccabi Haifa FC"
379,18,"Ar'jany Martha",,15,中场,,,,2003-09-04,,,"Rotherham United FC"
380,18,"Jearl Margaritha",,16,前锋,,,,2000-04-10,,,"SK Beveren"
381,18,"Brandley Kuwas",,17,前锋,,,,1992-09-19,,,"FC Volendam"
382,18,"Armando Obispo",,18,后卫,,,,1999-03-05,,,"PSV Eindhoven"
383,18,"Gervane Kastaneer",,19,前锋,,,,1996-06-09,,,"Terengganu FC"
384,18,"Joshua Brenet",,20,后卫,,,,1994-03-20,,,"Kayserispor"
385,18,"Tahith Chong",,21,中场,,,,1999-12-04,,,"Sheffield United FC"
386,18,"Kevin Felida",,22,中场,,,,1999-11-11,,,"FC Den Bosch"
387,18,"Riechedly Bazoer",,23,后卫,,,,1996-10-12,,,"Konyaspor"
388,18,"Deveron Fonville",,24,后卫,,,,2003-05-16,,,"NEC Nijmegen"
389,18,"Tyrick Bodak",,25,守门员,,,,2002-05-15,,,"SC Telstar"
390,18,"Trevor Doornbusch",,26,守门员,,,,1999-07-06,,,"VVV Venlo"
391,20,"Hernán Galíndez",,1,守门员,,,,1987-03-30,,,"CA Huracán"
392,20,"Félix Torres",,2,后卫,,,,1997-01-11,,,"SC Internacional"
393,20,"Piero Hincapié",,3,后卫,,,,2002-01-09,,,"Arsenal FC"
394,20,"Joel Ordóñez",,4,后卫,,,,2004-04-21,,,"Club Brugge"
395,20,"Jordy Alcívar",,5,中场,,,,1999-08-05,,,"Independiente Del Valle"
396,20,"Willian Pacho",,6,后卫,,,,2001-10-16,,,"Paris Saint-Germain"
397,20,"Pervis Estupiñán",,7,后卫,,,,1998-01-21,,,"AC Milan"
398,20,"Anthony Valencia",,8,中场,,,,2003-07-21,,,"Royal Antwerp FC"
399,20,"John Yeboah",,9,前锋,,,,2000-06-23,,,"Venezia FC"
400,20,"Kendry Páez",,10,中场,,,,2007-05-04,,,"CA River Plate"
401,20,"Kevin Rodríguez",,11,前锋,,,,2000-03-04,,,"Royale Union Saint-Gilloise"
402,20,"Moisés Ramírez",,12,守门员,,,,2000-09-09,,,"AE Kifisia FC"
403,20,"Enner Valencia",,13,前锋,,,,1989-11-04,,,"CF Pachuca"
404,20,"Alan Minda",,14,中场,,,,2003-05-14,,,"Atlético Mineiro"
405,20,"Pedro Vite",,15,中场,,,,2002-03-09,,,"Pumas UNAM"
406,20,"Jordy Caicedo",,16,前锋,,,,1997-11-18,,,"CA Huracán"
407,20,"Ángelo Preciado",,17,后卫,,,,1998-02-18,,,"Atlético Mineiro"
408,20,"Denil Castillo",,18,中场,,,,2004-03-24,,,"FC Midtjylland"
409,20,"Gonzalo Plata",,19,前锋,,,,2000-11-01,,,"CR Flamengo"
410,20,"Nilson Angulo",,20,前锋,,,,2003-06-19,,,"Sunderland AFC"
411,20,"Alan Franco",,21,中场,,,,1998-08-21,,,"Atlético Mineiro"
412,20,"Gonzalo Valle",,22,守门员,,,,1996-02-28,,,"LDU Quito"
413,20,"Moisés Caicedo",,23,中场,,,,2001-11-02,,,"Chelsea FC"
414,20,"Jeremy Arévalo",,24,前锋,,,,2005-03-19,,,"VfB Stuttgart"
415,20,"Jackson Porozo",,25,后卫,,,,2000-08-04,,,"Club Tijuana"
416,20,"Yaimar Medina",,26,后卫,,,,2004-11-05,,,"KRC Genk"
417,17,"Manuel Neuer",,1,守门员,,,,1986-03-27,,,"FC Bayern München"
418,17,"Antonio Rüdiger",,2,后卫,,,,1993-03-03,,,"Real Madrid C. F."
419,17,"Waldemar Anton",,3,后卫,,,,1996-07-20,,,"Borussia Dortmund"
420,17,"Jonathan Tah",,4,后卫,,,,1996-02-11,,,"FC Bayern München"
421,17,"Aleksandar Pavlović",,5,中场,,,,2004-05-03,,,"FC Bayern München"
422,17,"Joshua Kimmich",,6,后卫,,,,1995-02-08,,,"FC Bayern München"
423,17,"Kai Havertz",,7,前锋,,,,1999-06-11,,,"Arsenal FC"
424,17,"Leon Goretzka",,8,中场,,,,1995-02-06,,,"FC Bayern München"
425,17,"Jamie Leweling",,9,中场,,,,2001-02-26,,,"VfB Stuttgart"
426,17,"Jamal Musiala",,10,中场,,,,2003-02-26,,,"FC Bayern München"
427,17,"Nick Woltemade",,11,前锋,,,,2002-02-14,,,"Newcastle United FC"
428,17,"Oliver Baumann",,12,守门员,,,,1990-06-02,,,"TSG Hoffenheim"
429,17,"Pascal Groß",,13,中场,,,,1991-06-15,,,"Brighton & Hove Albion FC"
430,17,"Maximilian Beier",,14,前锋,,,,2002-10-17,,,"Borussia Dortmund"
431,17,"Nico Schlotterbeck",,15,后卫,,,,1999-12-01,,,"Borussia Dortmund"
432,17,"Angelo Stiller",,16,中场,,,,2001-04-04,,,"VfB Stuttgart"
433,17,"Florian Wirtz",,17,中场,,,,2003-05-03,,,"Liverpool FC"
434,17,"Nathaniel Brown",,18,后卫,,,,2003-06-16,,,"Eintracht Frankfurt"
435,17,"Leroy Sané",,19,中场,,,,1996-01-11,,,"Galatasaray SK"
436,17,"Nadiem Amiri",,20,中场,,,,1996-10-27,,,"1. FSV Mainz 05"
437,17,"Alexander Nübel",,21,守门员,,,,1996-09-30,,,"VfB Stuttgart"
438,17,"David Raum",,22,后卫,,,,1998-04-22,,,"RB Leipzig"
439,17,"Felix Nmecha",,23,中场,,,,2000-10-10,,,"Borussia Dortmund"
440,17,"Malick Thiaw",,24,后卫,,,,2001-08-08,,,"Newcastle United FC"
441,17,"Assan Ouédraogo",,25,中场,,,,2006-05-09,,,"RB Leipzig"
442,17,"Deniz Undav",,26,前锋,,,,1996-07-19,,,"VfB Stuttgart"
443,19,"Yahia Fofana",,1,守门员,,,,2000-08-21,,,"Çaykur Rizespor"
444,19,"Ousmane Diomande",,2,后卫,,,,2003-12-04,,,"Sporting CP"
445,19,"Ghislain Konan",,3,后卫,,,,1995-12-27,,,"Gil Vicente FC"
446,19,"Jean Michaël Seri",,4,中场,,,,1991-07-19,,,"NK Maribor"
447,19,"Wilfried Singo",,5,后卫,,,,2000-12-25,,,"Galatasaray SK"
448,19,"Seko Fofana",,6,中场,,,,1995-05-07,,,"FC Porto"
449,19,"Odilon Kossounou",,7,后卫,,,,2001-01-04,,,"Atalanta Bergamo"
450,19,"Franck Kessié",,8,中场,,,,1996-12-19,,,"Al Ahli FC"
451,19,"Ange-Yoan Bonny",,9,前锋,,,,2003-10-25,,,"FC Internazionale Milano"
452,19,"Simon Adingra",,10,前锋,,,,2002-01-01,,,"AS Monaco"
453,19,"Yan Diomande",,11,前锋,,,,2006-11-14,,,"RB Leipzig"
454,19,"Elye Wahi",,12,前锋,,,,2003-01-02,,,"OGC Nice"
455,19,"Christopher Opéri",,13,后卫,,,,1997-04-29,,,"Başakşehir FK"
456,19,"Oumar Diakité",,14,前锋,,,,2003-12-20,,,"Cercle Brugge"
457,19,"Amad Diallo",,15,前锋,,,,2002-07-11,,,"Manchester United FC"
458,19,"Mohamed Koné",,16,守门员,,,,2002-03-07,,,"Sporting Charleroi"
459,19,"Guéla Doué",,17,后卫,,,,2002-10-17,,,"RC Strasbourg"
460,19,"Ibrahim Sangaré",,18,中场,,,,1997-12-02,,,"Nottingham Forest FC"
461,19,"Nicolas Pépé",,19,前锋,,,,1995-05-29,,,"Villarreal CF"
462,19,"Emmanuel Agbadou",,20,后卫,,,,1997-06-17,,,"Beşiktaş JK"
463,19,"Evan Ndicka",,21,后卫,,,,1999-08-20,,,"AS Roma"
464,19,"Evann Guessand",,22,前锋,,,,2001-07-01,,,"Crystal Palace FC"
465,19,"Alban Lafont",,23,守门员,,,,1999-01-23,,,"Panathinaikos FC"
466,19,"Bazoumana Touré",,24,前锋,,,,2006-03-02,,,"TSG Hoffenheim"
467,19,"Parfait Guiagon",,25,中场,,,,2001-02-22,,,"Sporting Charleroi"
468,19,"Christ Inao Oulaï",,26,中场,,,,2006-04-06,,,"Trabzonspor"
469,22,"Zion Suzuki",,1,守门员,,,,2002-08-21,,,"Parma"
470,22,"Yukinari Sugawara",,2,后卫,,,,2000-06-28,,,"SV Werder Bremen"
471,22,"Shōgo Taniguchi",,3,后卫,,,,1991-07-15,,,"Sint-Truiden VV"
472,22,"Kō Itakura",,4,后卫,,,,1997-01-27,,,"AFC Ajax"
473,22,"Yūto Nagatomo",,5,后卫,,,,1986-09-12,,,"FC Tokyo"
474,22,"Wataru Endo",,6,中场,,,,1993-02-09,,,"Borussia Mönchengladbach"
475,22,"Ao Tanaka",,7,中场,,,,1998-09-10,,,"Leeds United FC"
476,22,"Takefusa Kubo",,8,中场,,,,2001-06-04,,,"Real Sociedad"
477,22,"Keisuke Gotō",,9,前锋,,,,2005-06-03,,,"Sint-Truiden VV"
478,22,"Ritsu Dōan",,10,中场,,,,1998-06-16,,,"Eintracht Frankfurt"
479,22,"Daizen Maeda",,11,中场,,,,1997-10-20,,,"Celtic FC"
480,22,"Keisuke Ōsako",,12,守门员,,,,1999-07-28,,,"Sanfrecce Hiroshima"
481,22,"Keito Nakamura",,13,中场,,,,2000-07-28,,,"Stade Reims"
482,22,"Junya Itō",,14,中场,,,,1993-03-09,,,"KRC Genk"
483,22,"Daichi Kamada",,15,中场,,,,1996-08-05,,,"Crystal Palace FC"
484,22,"Tsuyoshi Watanabe",,16,后卫,,,,1997-02-05,,,"Feyenoord Rotterdam"
485,22,"Yuito Suzuki",,17,中场,,,,2001-10-25,,,"SC Freiburg"
486,22,"Ayase Ueda",,18,前锋,,,,1998-08-28,,,"Feyenoord Rotterdam"
487,22,"Kōki Ogawa",,19,前锋,,,,1997-08-08,,,"NEC Nijmegen"
488,22,"Ayumu Seko",,20,后卫,,,,2000-06-07,,,"Le Havre AC"
489,22,"Hiroki Itō",,21,后卫,,,,1999-05-12,,,"FC Bayern München"
490,22,"Takehiro Tomiyasu",,22,后卫,,,,1998-11-05,,,"AFC Ajax"
491,22,"Tomoki Hayakawa",,23,守门员,,,,1999-03-03,,,"Kashima Antlers"
492,22,"Kaishū Sano",,24,中场,,,,2000-12-30,,,"1. FSV Mainz 05"
493,22,"Junnosuke Suzuki",,25,后卫,,,,2003-07-12,,,"FC København"
494,22,"Kento Shiogai",,26,前锋,,,,2005-03-26,,,"VfL Wolfsburg"
495,21,"Bart Verbruggen",,1,守门员,,,,2002-08-18,,,"Brighton & Hove Albion FC"
496,21,"Lutsharel Geertruida",,2,后卫,,,,2000-07-18,,,"Sunderland AFC"
497,21,"Marten de Roon",,3,中场,,,,1991-03-29,,,"Atalanta Bergamo"
498,21,"Virgil van Dijk",,4,后卫,,,,1991-07-08,,,"Liverpool FC"
499,21,"Nathan Aké",,5,后卫,,,,1995-02-18,,,"Manchester City FC"
500,21,"Jan Paul van Hecke",,6,后卫,,,,2000-06-08,,,"Brighton & Hove Albion FC"
501,21,"Justin Kluivert",,7,中场,,,,1999-05-05,,,"AFC Bournemouth"
502,21,"Ryan Gravenberch",,8,中场,,,,2002-05-16,,,"Liverpool FC"
503,21,"Wout Weghorst",,9,前锋,,,,1992-08-07,,,"AFC Ajax"
504,21,"Memphis Depay",,10,前锋,,,,1994-02-13,,,"SC Corinthians"
505,21,"Cody Gakpo",,11,前锋,,,,1999-05-07,,,"Liverpool FC"
506,21,"Mats Wieffer",,12,后卫,,,,1999-11-16,,,"Brighton & Hove Albion FC"
507,21,"Robin Roefs",,13,守门员,,,,2003-01-17,,,"Sunderland AFC"
508,21,"Tijjani Reijnders",,14,中场,,,,1998-07-29,,,"Manchester City FC"
509,21,"Micky van de Ven",,15,后卫,,,,2001-04-19,,,"Tottenham Hotspur FC"
510,21,"Guus Til",,16,中场,,,,1997-12-22,,,"PSV Eindhoven"
511,21,"Noa Lang",,17,前锋,,,,1999-06-17,,,"Galatasaray SK"
512,21,"Donyell Malen",,18,前锋,,,,1999-01-19,,,"AS Roma"
513,21,"Brian Brobbey",,19,前锋,,,,2002-02-01,,,"Sunderland AFC"
514,21,"Teun Koopmeiners",,20,中场,,,,1998-02-28,,,"Juventus FC"
515,21,"Frenkie de Jong",,21,中场,,,,1997-05-12,,,"FC Barcelona"
516,21,"Denzel Dumfries",,22,后卫,,,,1996-04-18,,,"FC Internazionale Milano"
517,21,"Mark Flekken",,23,守门员,,,,1993-06-13,,,"Bayer 04 Leverkusen"
518,21,"Crysencio Summerville",,24,前锋,,,,2001-10-30,,,"West Ham United FC"
519,21,"Jorrel Hato",,25,后卫,,,,2006-03-07,,,"Chelsea FC"
520,21,"Quinten Timber",,26,中场,,,,2001-06-17,,,"Olympique Marseille"
521,23,"Jacob Widell Zetterström",,1,守门员,,,,1998-07-11,,,"Derby County FC"
522,23,"Gustaf Lagerbielke",,2,后卫,,,,2000-04-10,,,"SC Braga"
523,23,"Victor Lindelöf",,3,后卫,,,,1994-07-17,,,"Aston Villa FC"
524,23,"Isak Hien",,4,后卫,,,,1999-01-13,,,"Atalanta Bergamo"
525,23,"Gabriel Gudmundsson",,5,后卫,,,,1999-04-29,,,"Leeds United FC"
526,23,"Herman Johansson",,6,后卫,,,,1997-10-16,,,"FC Dallas"
527,23,"Lucas Bergvall",,7,中场,,,,2006-02-02,,,"Tottenham Hotspur FC"
528,23,"Daniel Svensson",,8,后卫,,,,2002-02-12,,,"Borussia Dortmund"
529,23,"Alexander Isak",,9,前锋,,,,1999-09-21,,,"Liverpool FC"
530,23,"Benjamin Nygren",,10,中场,,,,2001-07-08,,,"Celtic FC"
531,23,"Anthony Elanga",,11,前锋,,,,2002-04-27,,,"Newcastle United FC"
532,23,"Viktor Johansson",,12,守门员,,,,1998-09-14,,,"Stoke City FC"
533,23,"Ken Sema",,13,中场,,,,1993-09-30,,,"Pafos FC"
534,23,"Hjalmar Ekdal",,14,后卫,,,,1998-10-21,,,"Burnley FC"
535,23,"Carl Starfelt",,15,后卫,,,,1995-06-01,,,"RC Celta Vigo"
536,23,"Jesper Karlström",,16,中场,,,,1995-06-21,,,"Udinese"
537,23,"Viktor Gyökeres",,17,前锋,,,,1998-06-04,,,"Arsenal FC"
538,23,"Yasin Ayari",,18,中场,,,,2003-10-06,,,"Brighton & Hove Albion FC"
539,23,"Mattias Svanberg",,19,中场,,,,1999-01-05,,,"VfL Wolfsburg"
540,23,"Eric Smith",,20,后卫,,,,1997-01-08,,,"FC St. Pauli"
541,23,"Alexander Bernhardsson",,21,后卫,,,,1998-09-08,,,"Holstein Kiel"
542,23,"Besfort Zeneli",,22,中场,,,,2002-11-21,,,"Royale Union Saint-Gilloise"
543,23,"Kristoffer Nordfeldt",,23,守门员,,,,1989-06-23,,,"AIK Stockholm"
544,23,"Elliot Stroud",,24,后卫,,,,2002-06-22,,,"Mjällby AIF"
545,23,"Gustaf Nilsson",,25,前锋,,,,1997-05-23,,,"Club Brugge"
546,23,"Taha Ali",,26,前锋,,,,1998-07-01,,,"Malmö FF"
547,24,"Mouhib Chamakh",,1,守门员,,,,2001-08-25,,,"Club Africain"
548,24,"Ali Abdi",,2,后卫,,,,1993-12-20,,,"OGC Nice"
549,24,"Montassar Talbi",,3,后卫,,,,1998-05-26,,,"FC Lorient"
550,24,"Omar Rekik",,4,后卫,,,,2001-12-20,,,"NK Maribor"
551,24,"Adem Arous",,5,后卫,,,,2004-07-17,,,"Kasımpaşa SK"
552,24,"Dylan Bronn",,6,后卫,,,,1995-06-19,,,"Servette FC"
553,24,"Elias Achouri",,7,前锋,,,,1999-02-10,,,"FC København"
554,24,"Elias Saad",,8,前锋,,,,1999-12-27,,,"Hannover 96"
555,24,"Hazem Mastouri",,9,前锋,,,,1997-06-18,,,"FC Dynamo Makhachkala"
556,24,"Hannibal Mejbri",,10,中场,,,,2003-01-21,,,"Burnley FC"
557,24,"Ismaël Gharbi",,11,中场,,,,2004-04-10,,,"FC Augsburg"
558,24,"Mortadha Ben Ouanes",,12,后卫,,,,1994-07-02,,,"Kasımpaşa SK"
559,24,"Rani Khedira",,13,中场,,,,1994-01-27,,,"1. FC Union Berlin"
560,24,"Khalil Ayari",,14,中场,,,,2005-02-02,,,"Paris Saint-Germain"
561,24,"Hadj Mahmoud",,15,中场,,,,2000-04-24,,,"FC Lugano"
562,24,"Aymen Dahmen",,16,守门员,,,,1997-01-28,,,"CS Sfaxien"
563,24,"Ellyes Skhiri",,17,中场,,,,1995-05-10,,,"Eintracht Frankfurt"
564,24,"Rayan Elloumi",,18,前锋,,,,2007-09-17,,,"Vancouver Whitecaps FC"
565,24,"Firas Chaouat",,19,前锋,,,,1996-05-08,,,"Club Africain"
566,24,"Yan Valery",,20,后卫,,,,1999-02-22,,,"BSC Young Boys"
567,24,"Mohamed Amine Ben Hamida",,21,后卫,,,,1995-12-15,,,"Espérance De Tunisie"
568,24,"Sabri Ben Hessen",,22,守门员,,,,1996-06-13,,,"Étoile Du Sahel"
569,24,"Moutaz Neffati",,23,后卫,,,,2004-09-04,,,"IFK Norrköping FK"
570,24,"Raed Chikhaoui",,24,后卫,,,,2004-06-09,,,"US Monastir"
571,24,"Anis Ben Slimane",,25,中场,,,,2001-03-16,,,"Norwich City FC"
572,24,"Sebastian Tounekti",,26,中场,,,,2002-07-13,,,"Celtic FC"
573,25,"Thibaut Courtois",,1,守门员,,,,1992-05-11,,,"Real Madrid C. F."
574,25,"Zeno Debast",,2,后卫,,,,2003-10-24,,,"Sporting CP"
575,25,"Arthur Theate",,3,后卫,,,,2000-05-25,,,"Eintracht Frankfurt"
576,25,"Brandon Mechele",,4,后卫,,,,1993-01-28,,,"Club Brugge"
577,25,"Maxim De Cuyper",,5,后卫,,,,2000-12-22,,,"Brighton & Hove Albion FC"
578,25,"Axel Witsel",,6,中场,,,,1989-01-12,,,"Girona FC"
579,25,"Kevin De Bruyne",,7,中场,,,,1991-06-28,,,"SSC Napoli"
580,25,"Youri Tielemans",,8,中场,,,,1997-05-07,,,"Aston Villa FC"
581,25,"Romelu Lukaku",,9,前锋,,,,1993-05-13,,,"SSC Napoli"
582,25,"Leandro Trossard",,10,前锋,,,,1994-12-04,,,"Arsenal FC"
583,25,"Jérémy Doku",,11,前锋,,,,2002-05-27,,,"Manchester City FC"
584,25,"Senne Lammens",,12,守门员,,,,2002-07-07,,,"Manchester United FC"
585,25,"Mike Penders",,13,守门员,,,,2005-07-31,,,"RC Strasbourg"
586,25,"Dodi Lukébakio",,14,前锋,,,,1997-09-24,,,"SL Benfica"
587,25,"Thomas Meunier",,15,后卫,,,,1991-09-12,,,"Lille OSC"
588,25,"Koni De Winter",,16,后卫,,,,2002-06-12,,,"AC Milan"
589,25,"Charles De Ketelaere",,17,前锋,,,,2001-03-10,,,"Atalanta Bergamo"
590,25,"Joaquin Seys",,18,后卫,,,,2005-03-28,,,"Club Brugge"
591,25,"Diego Moreira",,19,中场,,,,2004-08-06,,,"RC Strasbourg"
592,25,"Hans Vanaken",,20,中场,,,,1992-08-24,,,"Club Brugge"
593,25,"Timothy Castagne",,21,后卫,,,,1995-12-05,,,"Fulham FC"
594,25,"Alexis Saelemaekers",,22,中场,,,,1999-06-27,,,"AC Milan"
595,25,"Nicolas Raskin",,23,中场,,,,2001-02-23,,,"Rangers FC"
596,25,"Amadou Onana",,24,中场,,,,2001-08-16,,,"Aston Villa FC"
597,25,"Nathan Ngoy",,25,后卫,,,,2003-06-10,,,"Lille OSC"
598,25,"Matias Fernandez-Pardo",,26,前锋,,,,2005-02-03,,,"Lille OSC"
599,26,"Mohamed El Shenawy",,1,守门员,,,,1988-12-18,,,"Al Ahly FC"
600,26,"Yasser Ibrahim",,2,后卫,,,,1993-02-10,,,"Al Ahly FC"
601,26,"Mohamed Hany",,3,后卫,,,,1996-02-02,,,"Al Ahly FC"
602,26,"Hossam Abdelmaguid",,4,后卫,,,,2001-04-30,,,"Zamalek SC"
603,26,"Ramy Rabia",,5,后卫,,,,1993-05-20,,,"Al Ain FC"
604,26,"Mohamed Abdelmonem",,6,后卫,,,,1999-02-01,,,"OGC Nice"
605,26,"Trézéguet",,7,前锋,,,,1994-10-01,,,"Al Ahly FC"
606,26,"Emam Ashour",,8,中场,,,,1998-02-20,,,"Al Ahly FC"
607,26,"Hamza Abdelkarim",,9,前锋,,,,2008-01-01,,,"FC Barcelona"
608,26,"Mohamed Salah",,10,前锋,,,,1992-06-15,,,"Liverpool FC"
609,26,"Mostafa Ziko",,11,中场,,,,1997-04-27,,,"Pyramids FC"
610,26,"Haissem Hassan",,12,前锋,,,,2002-02-08,,,"Real Oviedo"
611,26,"Ahmed Fatouh",,13,后卫,,,,1998-03-22,,,"Zamalek SC"
612,26,"Hamdy Fathy",,14,中场,,,,1994-09-29,,,"Al Wakrah SC"
613,26,"Karim Hafez",,15,后卫,,,,1996-03-12,,,"Pyramids FC"
614,26,"El Mahdy Soliman",,16,守门员,,,,1987-06-08,,,"Zamalek SC"
615,26,"Mohanad Lasheen",,17,中场,,,,1996-05-29,,,"Pyramids FC"
616,26,"Nabil Emad",,18,中场,,,,1996-04-06,,,"Al Najmah SC"
617,26,"Marwan Attia",,19,中场,,,,1998-08-01,,,"Al Ahly FC"
618,26,"Ibrahim Adel",,20,前锋,,,,2001-04-23,,,"FC Nordsjælland"
619,26,"Mahmoud Saber",,21,中场,,,,2001-07-30,,,"ZED FC"
620,26,"Omar Marmoush",,22,前锋,,,,1999-02-07,,,"Manchester City FC"
621,26,"Mostafa Shobeir",,23,守门员,,,,2000-05-15,,,"Al Ahly FC"
622,26,"Tarek Alaa",,24,后卫,,,,2002-01-05,,,"ZED FC"
623,26,"Zizo",,25,前锋,,,,1996-01-10,,,"Al Ahly FC"
624,26,"Mohamed Alaa",,26,守门员,,,,1999-01-01,,,"El Gouna FC"
625,27,"Alireza Beiranvand",,1,守门员,,,,1992-09-21,,,"Tractor Sazi Tabriz FC"
626,27,"Saleh Hardani",,2,后卫,,,,1998-12-26,,,"Esteghlal Tehran FC"
627,27,"Ehsan Hajsafi",,3,后卫,,,,1990-02-25,,,"Sepahan SC"
628,27,"Shojae Khalilzadeh",,4,后卫,,,,1989-05-14,,,"Tractor Sazi Tabriz FC"
629,27,"Milad Mohammadi",,5,后卫,,,,1993-09-29,,,"Persepolis FC"
630,27,"Saeid Ezatolahi",,6,中场,,,,1996-10-01,,,"Shabab Al Ahli Club"
631,27,"Alireza Jahanbakhsh",,7,中场,,,,1993-08-11,,,"FCV Dender EH"
632,27,"Mohammad Mohebi",,8,中场,,,,1998-12-20,,,"FC Rostov"
633,27,"Mehdi Taremi",,9,前锋,,,,1992-07-18,,,"Olympiacos FC"
634,27,"Mehdi Ghayedi",,10,前锋,,,,1998-12-05,,,"Al Nasr SC"
635,27,"Ali Alipour",,11,前锋,,,,1995-11-11,,,"Persepolis FC"
636,27,"Payam Niazmand",,12,守门员,,,,1995-04-06,,,"Persepolis FC"
637,27,"Hossein Kanaanizadegan",,13,后卫,,,,1994-03-23,,,"Persepolis FC"
638,27,"Saman Ghoddos",,14,中场,,,,1993-09-06,,,"Al Ittihad Kalba SCC"
639,27,"Rouzbeh Cheshmi",,15,中场,,,,1993-07-24,,,"Esteghlal Tehran FC"
640,27,"Mehdi Torabi",,16,中场,,,,1994-09-10,,,"Tractor Sazi Tabriz FC"
641,27,"Aria Yousefi",,17,后卫,,,,2002-04-22,,,"Sepahan SC"
642,27,"Amirhossein Hosseinzadeh",,18,前锋,,,,2000-10-30,,,"Tractor Sazi Tabriz FC"
643,27,"Ali Nemati",,19,后卫,,,,1996-02-08,,,"Foolad Khuzestan FC"
644,27,"Shahriyar Moghanlou",,20,前锋,,,,1994-12-21,,,"Al Ittihad Kalba SCC"
645,27,"Mohammad Ghorbani",,21,中场,,,,2001-10-07,,,"Al Wahda SC"
646,27,"Hossein Hosseini",,22,守门员,,,,1992-06-30,,,"Sepahan SC"
647,27,"Ramin Rezaeian",,23,后卫,,,,1990-03-21,,,"Foolad Khuzestan FC"
648,27,"Dennis Eckert",,24,前锋,,,,1997-01-09,,,"Standard Liège"
649,27,"Danial Eiri",,25,后卫,,,,2003-10-26,,,"Malavan Anzali FC"
650,27,"Amirmohammad Razzaghinia",,26,中场,,,,2006-04-11,,,"Esteghlal Tehran FC"
651,28,"Max Crocombe",,1,守门员,,,,1993-08-12,,,"Millwall FC"
652,28,"Tim Payne",,2,后卫,,,,1994-01-10,,,"Wellington Phoenix FC"
653,28,"Francis de Vries",,3,后卫,,,,1994-11-28,,,"Auckland FC"
654,28,"Tyler Bindon",,4,后卫,,,,2005-01-27,,,"Sheffield United FC"
655,28,"Michael Boxall",,5,后卫,,,,1988-08-18,,,"Minnesota United FC"
656,28,"Joe Bell",,6,中场,,,,1999-04-27,,,"Viking Stavanger"
657,28,"Matthew Garbett",,7,中场,,,,2002-04-13,,,"Peterborough United FC"
658,28,"Marko Stamenić",,8,中场,,,,2002-02-19,,,"Swansea City AFC"
659,28,"Chris Wood",,9,前锋,,,,1991-12-07,,,"Nottingham Forest FC"
660,28,"Sarpreet Singh",,10,中场,,,,1999-02-20,,,"Wellington Phoenix FC"
661,28,"Elijah Just",,11,中场,,,,2000-05-01,,,"Motherwell FC"
662,28,"Alex Paulsen",,12,守门员,,,,2002-07-04,,,"Lechia Gdańsk"
663,28,"Liberato Cacace",,13,后卫,,,,2000-09-27,,,"Wrexham AFC"
664,28,"Alex Rufer",,14,中场,,,,1996-06-12,,,"Wellington Phoenix FC"
665,28,"Nando Pijnaker",,15,后卫,,,,1999-02-25,,,"Auckland FC"
666,28,"Finn Surman",,16,后卫,,,,2003-09-23,,,"Portland Timbers"
667,28,"Kosta Barbarouses",,17,前锋,,,,1990-02-19,,,"WS Wanderers FC"
668,28,"Ben Waine",,18,前锋,,,,2001-06-11,,,"Port Vale FC"
669,28,"Ben Old",,19,中场,,,,2002-08-13,,,"AS Saint-Etienne"
670,28,"Callum McCowatt",,20,中场,,,,1999-04-30,,,"Silkeborg IF"
671,28,"Jesse Randall",,21,前锋,,,,2002-08-19,,,"Auckland FC"
672,28,"Michael Woud",,22,守门员,,,,1999-01-16,,,"Auckland FC"
673,28,"Ryan Thomas",,23,中场,,,,1994-12-20,,,"PEC Zwolle"
674,28,"Callan Elliot",,24,后卫,,,,1999-07-07,,,"Auckland FC"
675,28,"Lachlan Bayliss",,25,中场,,,,2002-07-24,,,"Newcastle United Jets FC"
676,28,"Tommy Smith",,26,后卫,,,,1990-03-31,,,"Braintree Town FC"
677,30,"Vozinha",,1,守门员,,,,1986-06-03,,,"GD Chaves"
678,30,"Stopira",,2,后卫,,,,1988-05-20,,,"SCU Torreense"
679,30,"Diney",,3,后卫,,,,1995-01-17,,,"Al Bataeh Club"
680,30,"Roberto Lopes",,4,后卫,,,,1992-06-17,,,"Shamrock Rovers FC"
681,30,"Logan Costa",,5,后卫,,,,2001-04-01,,,"Villarreal CF"
682,30,"Kevin Pina",,6,中场,,,,1997-01-27,,,"FC Krasnodar"
683,30,"Jovane Cabral",,7,中场,,,,1998-06-14,,,"CF Estrela Da Amadora"
684,30,"João Paulo",,8,中场,,,,1998-05-26,,,"FC FCSB"
685,30,"Gilson Benchimol",,9,前锋,,,,2001-12-29,,,"FC Akron Tolyatti"
686,30,"Jamiro Monteiro",,10,中场,,,,1993-11-23,,,"PEC Zwolle"
687,30,"Garry Rodrigues",,11,中场,,,,1990-11-27,,,"Apollon Limassol"
688,30,"Márcio Rosa",,12,守门员,,,,1997-02-23,,,"PFC Montana"
689,30,"Sidny Lopes Cabral",,13,后卫,,,,2002-09-18,,,"SL Benfica"
690,30,"Deroy Duarte",,14,中场,,,,1999-07-04,,,"PFC Ludogorets Razgrad"
691,30,"Laros Duarte",,15,中场,,,,1997-02-28,,,"Puskás Akadémia FC"
692,30,"Yannick Semedo",,16,中场,,,,1995-12-29,,,"SC Farense"
693,30,"Willy Semedo",,17,中场,,,,1994-04-27,,,"AC Omonia"
694,30,"Telmo Arcanjo",,18,中场,,,,2001-06-21,,,"Vitória SC"
695,30,"Dailon Livramento",,19,前锋,,,,2001-05-04,,,"Casa Pia AC"
696,30,"Ryan Mendes",,20,前锋,,,,1990-01-08,,,"Iğdır FK"
697,30,"Nuno da Costa",,21,中场,,,,1991-02-10,,,"Başakşehir FK"
698,30,"Steven Moreira",,22,后卫,,,,1994-08-13,,,"Columbus Crew"
699,30,"CJ dos Santos",,23,守门员,,,,2000-08-24,,,"San Diego FC"
700,30,"Wagner Pina",,24,后卫,,,,2002-11-03,,,"Trabzonspor"
701,30,"Kelvin Pires",,25,后卫,,,,2000-06-05,,,"SJK"
702,30,"Hélio Varela",,26,中场,,,,2002-05-03,,,"Maccabi Tel-Aviv FC"
703,31,"Nawaf Al-Aqidi",,1,守门员,,,,2000-05-10,,,"Al Nassr FC"
704,31,"Ali Majrashi",,2,后卫,,,,1999-10-02,,,"Al Ahli FC"
705,31,"Ali Lajami",,3,后卫,,,,1996-04-24,,,"Al Hilal SC"
706,31,"Abdulelah Al-Amri",,4,后卫,,,,1997-01-15,,,"Al Nassr FC"
707,31,"Hassan Al-Tambakti",,5,后卫,,,,1999-02-09,,,"Al Hilal SC"
708,31,"Nasser Al-Dawsari",,6,中场,,,,1998-12-19,,,"Al Hilal SC"
709,31,"Musab Al-Juwayr",,7,中场,,,,2003-06-20,,,"Al Qadsiah FC"
710,31,"Ayman Yahya",,8,前锋,,,,2001-05-14,,,"Al Nassr FC"
711,31,"Firas Al-Buraikan",,9,前锋,,,,2000-05-14,,,"Al Ahli FC"
712,31,"Salem Al-Dawsari",,10,前锋,,,,1991-08-19,,,"Al Hilal SC"
713,31,"Saleh Al-Shehri",,11,前锋,,,,1993-11-01,,,"Al Ittihad"
714,31,"Saud Abdulhamid",,12,后卫,,,,1999-07-18,,,"RC Lens"
715,31,"Nawaf Boushal",,13,后卫,,,,1999-09-16,,,"Al Nassr FC"
716,31,"Hassan Kadesh",,14,后卫,,,,1992-09-26,,,"Al Ittihad"
717,31,"Abdullah Al-Khaibari",,15,中场,,,,1996-08-16,,,"Al Nassr FC"
718,31,"Ziyad Al-Johani",,16,中场,,,,2001-11-11,,,"Al Ahli FC"
719,31,"Khalid Al-Ghannam",,17,前锋,,,,2000-11-08,,,"Al Ettifaq FC"
720,31,"Alaa Al-Hejji",,18,中场,,,,1995-12-03,,,"Neom SC"
721,31,"Abdullah Al-Hamdan",,19,前锋,,,,1999-09-13,,,"Al Nassr FC"
722,31,"Sultan Mandash",,20,前锋,,,,1994-10-17,,,"Al Hilal SC"
723,31,"Mohammed Al-Owais",,21,守门员,,,,1991-10-10,,,"Al Ula Saudi FC"
724,31,"Ahmed Al-Kassar",,22,守门员,,,,1991-05-08,,,"Al Qadsiah FC"
725,31,"Mohamed Kanno",,23,中场,,,,1994-09-22,,,"Al Hilal SC"
726,31,"Moteb Al-Harbi",,24,后卫,,,,2000-02-20,,,"Al Hilal SC"
727,31,"Jehad Thakri",,25,后卫,,,,2001-07-21,,,"Al Qadsiah FC"
728,31,"Mohammed Abu Al-Shamat",,26,后卫,,,,2002-08-11,,,"Al Qadsiah FC"
729,29,"David Raya",,1,守门员,,,,1995-09-15,,,"Arsenal FC"
730,29,"Marc Pubill",,2,后卫,,,,2003-06-20,,,"Atlético De Madrid"
731,29,"Álex Grimaldo",,3,后卫,,,,1995-09-20,,,"Bayer 04 Leverkusen"
732,29,"Eric García",,4,后卫,,,,2001-01-09,,,"FC Barcelona"
733,29,"Marcos Llorente",,5,后卫,,,,1995-01-30,,,"Atlético De Madrid"
734,29,"Mikel Merino",,6,中场,,,,1996-06-22,,,"Arsenal FC"
735,29,"Ferran Torres",,7,前锋,,,,2000-02-29,,,"FC Barcelona"
736,29,"Fabián Ruiz",,8,中场,,,,1996-04-03,,,"Paris Saint-Germain"
737,29,"Gavi",,9,中场,,,,2004-08-05,,,"FC Barcelona"
738,29,"Dani Olmo",,10,前锋,,,,1998-05-07,,,"FC Barcelona"
739,29,"Yéremy Pino",,11,前锋,,,,2002-10-20,,,"Crystal Palace FC"
740,29,"Pedro Porro",,12,后卫,,,,1999-09-13,,,"Tottenham Hotspur FC"
741,29,"Joan Garcia",,13,守门员,,,,2001-05-04,,,"FC Barcelona"
742,29,"Aymeric Laporte",,14,后卫,,,,1994-05-27,,,"Athletic Club"
743,29,"Álex Baena",,15,中场,,,,2001-07-20,,,"Atlético De Madrid"
744,29,"Rodri",,16,中场,,,,1996-06-22,,,"Manchester City FC"
745,29,"Nico Williams",,17,前锋,,,,2002-07-12,,,"Athletic Club"
746,29,"Martín Zubimendi",,18,中场,,,,1999-02-02,,,"Arsenal FC"
747,29,"Lamine Yamal",,19,前锋,,,,2007-07-13,,,"FC Barcelona"
748,29,"Pedri",,20,中场,,,,2002-11-25,,,"FC Barcelona"
749,29,"Mikel Oyarzabal",,21,前锋,,,,1997-04-21,,,"Real Sociedad"
750,29,"Pau Cubarsí",,22,后卫,,,,2007-01-22,,,"FC Barcelona"
751,29,"Unai Simón",,23,守门员,,,,1997-06-11,,,"Athletic Club"
752,29,"Marc Cucurella",,24,后卫,,,,1998-07-22,,,"Chelsea FC"
753,29,"Víctor Muñoz",,25,前锋,,,,2003-07-13,,,"CA Osasuna"
754,29,"Borja Iglesias",,26,前锋,,,,1993-01-17,,,"RC Celta Vigo"
755,32,"Sergio Rochet",,1,守门员,,,,1993-03-23,,,"SC Internacional"
756,32,"José Giménez",,2,后卫,,,,1995-01-20,,,"Atlético De Madrid"
757,32,"Sebastián Cáceres",,3,后卫,,,,1999-08-18,,,"Club América"
758,32,"Ronald Araújo",,4,后卫,,,,1999-03-07,,,"FC Barcelona"
759,32,"Manuel Ugarte",,5,中场,,,,2001-04-11,,,"Manchester United FC"
760,32,"Rodrigo Bentancur",,6,中场,,,,1997-06-25,,,"Tottenham Hotspur FC"
761,32,"Nicolás de la Cruz",,7,中场,,,,1997-06-01,,,"CR Flamengo"
762,32,"Federico Valverde",,8,中场,,,,1998-07-22,,,"Real Madrid C. F."
763,32,"Darwin Núñez",,9,前锋,,,,1999-06-24,,,"Al Hilal SC"
764,32,"Giorgian de Arrascaeta",,10,中场,,,,1994-06-01,,,"CR Flamengo"
765,32,"Facundo Pellistri",,11,前锋,,,,2001-12-20,,,"Panathinaikos FC"
766,32,"Santiago Mele",,12,守门员,,,,1997-09-06,,,"CF Monterrey"
767,32,"Guillermo Varela",,13,后卫,,,,1993-03-24,,,"CR Flamengo"
768,32,"Agustín Canobbio",,14,中场,,,,1998-10-01,,,"Fluminense FC"
769,32,"Emiliano Martínez",,15,中场,,,,1999-08-17,,,"SE Palmeiras"
770,32,"Mathías Olivera",,16,后卫,,,,1997-10-31,,,"SSC Napoli"
771,32,"Matías Viña",,17,后卫,,,,1997-11-09,,,"CA River Plate"
772,32,"Brian Rodríguez",,18,前锋,,,,2000-05-20,,,"Club América"
773,32,"Rodrigo Aguirre",,19,前锋,,,,1994-10-01,,,"Tigres UANL"
774,32,"Maximiliano Araújo",,20,中场,,,,2000-02-15,,,"Sporting CP"
775,32,"Federico Viñas",,21,前锋,,,,1998-06-30,,,"Real Oviedo"
776,32,"Joaquín Piquerez",,22,中场,,,,1998-08-24,,,"SE Palmeiras"
777,32,"Fernando Muslera",,23,守门员,,,,1986-06-16,,,"Estudiantes LP"
778,32,"Santiago Bueno",,24,后卫,,,,1998-11-09,,,"Wolverhampton Wanderers FC"
779,32,"Juan Manuel Sanabria",,25,中场,,,,2000-03-29,,,"Real Salt Lake"
780,32,"Rodrigo Zalazar",,26,中场,,,,1999-08-12,,,"SC Braga"
781,33,"Brice Samba",,1,守门员,,,,1994-04-25,,,"Stade Rennais FC"
782,33,"Malo Gusto",,2,后卫,,,,2003-05-19,,,"Chelsea FC"
783,33,"Lucas Digne",,3,后卫,,,,1993-07-20,,,"Aston Villa FC"
784,33,"Dayot Upamecano",,4,后卫,,,,1998-10-27,,,"FC Bayern München"
785,33,"Jules Koundé",,5,后卫,,,,1998-11-12,,,"FC Barcelona"
786,33,"Manu Koné",,6,中场,,,,2001-05-17,,,"AS Roma"
787,33,"Ousmane Dembélé",,7,前锋,,,,1997-05-15,,,"Paris Saint-Germain"
788,33,"Aurélien Tchouaméni",,8,中场,,,,2000-01-27,,,"Real Madrid C. F."
789,33,"Marcus Thuram",,9,前锋,,,,1997-08-06,,,"FC Internazionale Milano"
790,33,"Kylian Mbappé",,10,前锋,,,,1998-12-20,,,"Real Madrid C. F."
791,33,"Michael Olise",,11,前锋,,,,2001-12-12,,,"FC Bayern München"
792,33,"Bradley Barcola",,12,前锋,,,,2002-09-02,,,"Paris Saint-Germain"
793,33,"N'Golo Kanté",,13,中场,,,,1991-03-29,,,"Fenerbahçe SK"
794,33,"Adrien Rabiot",,14,中场,,,,1995-04-03,,,"AC Milan"
795,33,"Ibrahima Konaté",,15,后卫,,,,1999-05-25,,,"Liverpool FC"
796,33,"Mike Maignan",,16,守门员,,,,1995-07-03,,,"AC Milan"
797,33,"William Saliba",,17,后卫,,,,2001-03-24,,,"Arsenal FC"
798,33,"Warren Zaïre-Emery",,18,中场,,,,2006-03-08,,,"Paris Saint-Germain"
799,33,"Théo Hernandez",,19,后卫,,,,1997-10-06,,,"Al Hilal SC"
800,33,"Désiré Doué",,20,前锋,,,,2005-06-03,,,"Paris Saint-Germain"
801,33,"Lucas Hernandez",,21,后卫,,,,1996-02-14,,,"Paris Saint-Germain"
802,33,"Jean-Philippe Mateta",,22,前锋,,,,1997-06-28,,,"Crystal Palace FC"
803,33,"Robin Risser",,23,守门员,,,,2004-12-02,,,"RC Lens"
804,33,"Rayan Cherki",,24,中场,,,,2003-08-17,,,"Manchester City FC"
805,33,"Maghnes Akliouche",,25,中场,,,,2002-02-25,,,"AS Monaco"
806,33,"Maxence Lacroix",,26,后卫,,,,2000-04-06,,,"Crystal Palace FC"
807,35,"Fahad Talib",,1,守门员,,,,1994-10-21,,,"Al Talaba SC"
808,35,"Rebin Sulaka",,2,后卫,,,,1992-04-12,,,"Port FC"
809,35,"Hussein Ali",,3,后卫,,,,2002-03-01,,,"Pogoń Szczecin"
810,35,"Zaid Tahseen",,4,后卫,,,,2001-01-29,,,"Pakhtakor Tashkent FK"
811,35,"Akam Hashim",,5,后卫,,,,1998-08-16,,,"Al Zawra'a SC"
812,35,"Manaf Younis",,6,后卫,,,,1996-11-16,,,"Al Shorta SC"
813,35,"Youssef Amyn",,7,中场,,,,2003-08-21,,,"AEK Larnaca FC"
814,35,"Ibrahim Bayesh",,8,中场,,,,2000-05-01,,,"Al Dhafra SCC"
815,35,"Ali Al-Hamadi",,9,前锋,,,,2002-03-01,,,"Luton Town FC"
816,35,"Mohanad Ali",,10,前锋,,,,2000-06-20,,,"Dibba FC"
817,35,"Ahmed Qasem",,11,前锋,,,,2003-07-12,,,"Nashville SC"
818,35,"Jalal Hassan",,12,守门员,,,,1991-05-18,,,"Al Zawra'a SC"
819,35,"Ali Yousif",,13,前锋,,,,1996-01-19,,,"Al Talaba SC"
820,35,"Zidane Iqbal",,14,中场,,,,2003-04-27,,,"FC Utrecht"
821,35,"Ahmed Maknzi",,15,后卫,,,,2001-09-24,,,"Al Karma SC"
822,35,"Amir Al-Ammari",,16,中场,,,,1997-07-27,,,"KS Cracovia"
823,35,"Ali Jasim",,17,前锋,,,,2004-01-20,,,"Al Najmah SC"
824,35,"Aymen Hussein",,18,前锋,,,,1996-03-22,,,"Al Karma SC"
825,35,"Kevin Yakob",,19,中场,,,,2000-10-10,,,"Aarhus GF"
826,35,"Aimar Sher",,20,中场,,,,2002-12-20,,,"Sarpsborg 08 FF"
827,35,"Marko Farji",,21,前锋,,,,2004-03-16,,,"Venezia FC"
828,35,"Ahmed Basil",,22,守门员,,,,1996-08-19,,,"Al Shorta SC"
829,35,"Merchas Doski",,23,后卫,,,,1999-12-07,,,"FC Viktoria Plzeň"
830,35,"Zaid Ismail",,24,中场,,,,2002-01-03,,,"Al Talaba SC"
831,35,"Mustafa Saadoon",,25,后卫,,,,2001-05-25,,,"Al Shorta SC"
832,35,"Frans Putros",,26,后卫,,,,1993-07-14,,,"Persib Bandung"
833,36,"Ørjan Nyland",,1,守门员,,,,1990-09-10,,,"Sevilla FC"
834,36,"Morten Thorsby",,2,中场,,,,1996-05-05,,,"US Cremonese"
835,36,"Kristoffer Ajer",,3,后卫,,,,1998-04-17,,,"Brentford FC"
836,36,"Leo Østigård",,4,后卫,,,,1999-11-28,,,"Genoa CFC"
837,36,"David Møller Wolfe",,5,后卫,,,,2002-04-23,,,"Wolverhampton Wanderers FC"
838,36,"Patrick Berg",,6,中场,,,,1997-11-24,,,"FK Bodø/Glimt"
839,36,"Alexander Sørloth",,7,前锋,,,,1995-12-05,,,"Atlético De Madrid"
840,36,"Sander Berge",,8,中场,,,,1998-02-14,,,"Fulham FC"
841,36,"Erling Haaland",,9,前锋,,,,2000-07-21,,,"Manchester City FC"
842,36,"Martin Ødegaard",,10,中场,,,,1998-12-17,,,"Arsenal FC"
843,36,"Jørgen Strand Larsen",,11,前锋,,,,2000-02-06,,,"Crystal Palace FC"
844,36,"Sander Tangvik",,12,守门员,,,,2002-11-29,,,"Hamburger SV"
845,36,"Egil Selvik",,13,守门员,,,,1997-07-30,,,"Watford FC"
846,36,"Fredrik Aursnes",,14,中场,,,,1995-12-10,,,"SL Benfica"
847,36,"Fredrik André Bjørkan",,15,后卫,,,,1998-08-21,,,"FK Bodø/Glimt"
848,36,"Marcus Holmgren Pedersen",,16,后卫,,,,2000-07-16,,,"Torino FC"
849,36,"Torbjørn Heggem",,17,后卫,,,,1999-01-12,,,"Bologna FC"
850,36,"Kristian Thorstvedt",,18,中场,,,,1999-03-13,,,"US Sassuolo"
851,36,"Thelo Aasgaard",,19,中场,,,,2002-05-02,,,"Rangers FC"
852,36,"Antonio Nusa",,20,前锋,,,,2005-04-17,,,"RB Leipzig"
853,36,"Andreas Schjelderup",,21,中场,,,,2004-06-01,,,"SL Benfica"
854,36,"Oscar Bobb",,22,中场,,,,2003-07-12,,,"Fulham FC"
855,36,"Jens Petter Hauge",,23,中场,,,,1999-10-12,,,"FK Bodø/Glimt"
856,36,"Sondre Langås",,24,后卫,,,,2001-02-02,,,"Derby County FC"
857,36,"Henrik Falchener",,25,后卫,,,,2003-05-08,,,"Viking Stavanger"
858,36,"Julian Ryerson",,26,前锋,,,,1997-11-17,,,"Borussia Dortmund"
859,34,"Yehvann Diouf",,1,守门员,,,,1999-11-16,,,"OGC Nice"
860,34,"Mamadou Sarr",,2,后卫,,,,2005-08-29,,,"Chelsea FC"
861,34,"Kalidou Koulibaly",,3,后卫,,,,1991-06-20,,,"Al Hilal SC"
862,34,"Abdoulaye Seck",,4,后卫,,,,1992-06-04,,,"Maccabi Haifa FC"
863,34,"Idrissa Gueye",,5,中场,,,,1989-09-26,,,"Everton FC"
864,34,"Pathé Ciss",,6,中场,,,,1994-03-16,,,"Rayo Vallecano"
865,34,"Assane Diao",,7,前锋,,,,2005-09-07,,,"Como"
866,34,"Lamine Camara",,8,中场,,,,2004-01-01,,,"AS Monaco"
867,34,"Bamba Dieng",,9,前锋,,,,2000-03-23,,,"FC Lorient"
868,34,"Sadio Mané",,10,前锋,,,,1992-04-10,,,"Al Nassr FC"
869,34,"Nicolas Jackson",,11,前锋,,,,2001-06-20,,,"FC Bayern München"
870,34,"Cherif Ndiaye",,12,前锋,,,,1996-01-23,,,"Samsunspor"
871,34,"Iliman Ndiaye",,13,前锋,,,,2000-03-06,,,"Everton FC"
872,34,"Ismail Jakobs",,14,后卫,,,,1999-08-17,,,"Galatasaray SK"
873,34,"Krépin Diatta",,15,后卫,,,,1999-02-25,,,"AS Monaco"
874,34,"Édouard Mendy",,16,守门员,,,,1992-03-01,,,"Al Ahli FC"
875,34,"Pape Matar Sarr",,17,中场,,,,2002-09-14,,,"Tottenham Hotspur FC"
876,34,"Ismaïla Sarr",,18,前锋,,,,1998-02-25,,,"Crystal Palace FC"
877,34,"Moussa Niakhaté",,19,后卫,,,,1996-03-08,,,"Olympique Lyonnais"
878,34,"Ibrahim Mbaye",,20,前锋,,,,2008-01-24,,,"Paris Saint-Germain"
879,34,"Habib Diarra",,21,中场,,,,2004-01-03,,,"Sunderland AFC"
880,34,"Bara Sapoko Ndiaye",,22,中场,,,,2007-12-31,,,"FC Bayern München"
881,34,"Mory Diaw",,23,守门员,,,,1993-06-22,,,"Le Havre AC"
882,34,"Antoine Mendy",,24,后卫,,,,2004-05-27,,,"OGC Nice"
883,34,"El Hadji Malick Diouf",,25,后卫,,,,2004-12-29,,,"West Ham United FC"
884,34,"Pape Gueye",,26,中场,,,,1999-01-24,,,"Villarreal CF"
885,38,"Melvin Mastil",,1,守门员,,,,2000-02-19,,,"FC Stade Nyonnais"
886,38,"Aïssa Mandi",,2,后卫,,,,1991-10-22,,,"Lille OSC"
887,38,"Achref Abada",,3,后卫,,,,1999-06-15,,,"USM Alger"
888,38,"Mohamed Amine Tougai",,4,后卫,,,,2000-01-22,,,"Espérance De Tunisie"
889,38,"Zineddine Belaïd",,5,后卫,,,,1999-03-20,,,"JS Kabylie"
890,38,"Ramiz Zerrouki",,6,中场,,,,1998-05-26,,,"FC Twente"
891,38,"Riyad Mahrez",,7,前锋,,,,1991-02-21,,,"Al Ahli FC"
892,38,"Houssem Aouar",,8,中场,,,,1998-06-30,,,"Al Ittihad"
893,38,"Amine Gouiri",,9,前锋,,,,2000-02-16,,,"Olympique Marseille"
894,38,"Farès Chaïbi",,10,中场,,,,2002-11-28,,,"Eintracht Frankfurt"
895,38,"Anis Hadj Moussa",,11,前锋,,,,2002-02-11,,,"Feyenoord Rotterdam"
896,38,"Nadhir Benbouali",,12,前锋,,,,2000-04-17,,,"Györi ETO FC"
897,38,"Jaouen Hadjam",,13,后卫,,,,2003-03-26,,,"BSC Young Boys"
898,38,"Hicham Boudaoui",,14,中场,,,,1999-09-23,,,"OGC Nice"
899,38,"Rayan Aït-Nouri",,15,后卫,,,,2001-06-06,,,"Manchester City FC"
900,38,"Oussama Benbot",,16,守门员,,,,1994-10-11,,,"USM Alger"
901,38,"Rafik Belghali",,17,后卫,,,,2002-06-07,,,"Hellas Verona FC"
902,38,"Mohamed Amoura",,18,前锋,,,,2000-05-09,,,"VfL Wolfsburg"
903,38,"Nabil Bentaleb",,19,中场,,,,1994-11-24,,,"Lille OSC"
904,38,"Adil Boulbina",,20,前锋,,,,2003-05-02,,,"Al Duhail SC"
905,38,"Ramy Bensebaini",,21,后卫,,,,1995-04-16,,,"Borussia Dortmund"
906,38,"Ibrahim Maza",,22,中场,,,,2005-11-24,,,"Bayer 04 Leverkusen"
907,38,"Luca Zidane",,23,守门员,,,,1998-05-13,,,"Granada CF"
908,38,"Yacine Titraoui",,24,中场,,,,2003-08-26,,,"Sporting Charleroi"
909,38,"Farès Ghedjemis",,25,前锋,,,,2002-09-06,,,"Frosinone"
910,38,"Samir Chergui",,26,后卫,,,,1999-02-06,,,"Paris FC"
911,37,"Juan Musso",,1,守门员,,,,1994-05-06,,,"Atlético De Madrid"
912,37,"Marcos Nicolás Senesi Baron",,2,中场,,,,1997-05-10,,,"AFC Bournemouth"
913,37,"Nicolás Tagliafico",,3,后卫,,,,1992-08-31,,,"Olympique Lyonnais"
914,37,"Gonzalo Montiel",,4,后卫,,,,1997-01-01,,,"CA River Plate"
915,37,"Leandro Paredes",,5,中场,,,,1994-06-29,,,"CA Boca Juniors"
916,37,"Lisandro Martínez",,6,后卫,,,,1998-01-18,,,"Manchester United FC"
917,37,"Rodrigo De Paul",,7,中场,,,,1994-05-24,,,"Inter Miami CF"
918,37,"Valentín Barco",,8,中场,,,,2004-07-23,,,"RC Strasbourg"
919,37,"Julián Alvarez",,9,前锋,,,,2000-01-31,,,"Atlético De Madrid"
920,37,"Lionel Messi",,10,前锋,,,,1987-06-24,,,"Inter Miami CF"
921,37,"Giovani Lo Celso",,11,中场,,,,1996-04-09,,,"Real Betis"
922,37,"Gerónimo Rulli",,12,守门员,,,,1992-05-20,,,"Olympique Marseille"
923,37,"Cristian Romero",,13,后卫,,,,1998-04-27,,,"Tottenham Hotspur FC"
924,37,"Exequiel Palacios",,14,中场,,,,1998-10-05,,,"Bayer 04 Leverkusen"
925,37,"Nicolás González",,15,中场,,,,1998-04-06,,,"Atlético De Madrid"
926,37,"Thiago Almada",,16,前锋,,,,2001-04-26,,,"Atlético De Madrid"
927,37,"Giuliano Simeone",,17,前锋,,,,2002-12-18,,,"Atlético De Madrid"
928,37,"Nico Paz",,18,前锋,,,,2004-09-08,,,"Como"
929,37,"Nicolás Otamendi",,19,后卫,,,,1988-02-12,,,"SL Benfica"
930,37,"Alexis Mac Allister",,20,中场,,,,1998-12-24,,,"Liverpool FC"
931,37,"José Manuel López",,21,前锋,,,,2000-12-06,,,"SE Palmeiras"
932,37,"Lautaro Martínez",,22,前锋,,,,1997-08-22,,,"FC Internazionale Milano"
933,37,"Emiliano Martínez",,23,守门员,,,,1992-09-02,,,"Aston Villa FC"
934,37,"Enzo Fernández",,24,中场,,,,2001-01-17,,,"Chelsea FC"
935,37,"Facundo Medina",,25,后卫,,,,1999-05-28,,,"Olympique Marseille"
936,37,"Nahuel Molina",,26,后卫,,,,1998-04-06,,,"Atlético De Madrid"
937,39,"Alexander Schlager",,1,守门员,,,,1996-02-01,,,"FC Red Bull Salzburg"
938,39,"David Affengruber",,2,后卫,,,,2001-03-19,,,"Elche CF"
939,39,"Kevin Danso",,3,后卫,,,,1998-09-19,,,"Tottenham Hotspur FC"
940,39,"Xaver Schlager",,4,中场,,,,1997-09-28,,,"RB Leipzig"
941,39,"Stefan Posch",,5,后卫,,,,1997-05-14,,,"1. FSV Mainz 05"
942,39,"Nicolas Seiwald",,6,中场,,,,2001-05-04,,,"RB Leipzig"
943,39,"Marko Arnautović",,7,前锋,,,,1989-04-19,,,"FK Crvena Zvezda"
944,39,"David Alaba",,8,后卫,,,,1992-06-24,,,"Real Madrid C. F."
945,39,"Marcel Sabitzer",,9,中场,,,,1994-03-17,,,"Borussia Dortmund"
946,39,"Florian Grillitsch",,10,中场,,,,1995-08-07,,,"SC Braga"
947,39,"Michael Gregoritsch",,11,前锋,,,,1994-04-18,,,"FC Augsburg"
948,39,"Florian Wiegele",,12,守门员,,,,2001-03-21,,,"FC Viktoria Plzeň"
949,39,"Patrick Pentz",,13,守门员,,,,1997-01-02,,,"Brøndby IF"
950,39,"Saša Kalajdžić",,14,前锋,,,,1997-07-07,,,"LASK Linz"
951,39,"Philipp Lienhart",,15,后卫,,,,1996-07-11,,,"SC Freiburg"
952,39,"Phillipp Mwene",,16,后卫,,,,1994-01-29,,,"1. FSV Mainz 05"
953,39,"Carney Chukwuemeka",,17,中场,,,,2003-10-20,,,"Borussia Dortmund"
954,39,"Romano Schmid",,18,中场,,,,2000-01-27,,,"SV Werder Bremen"
955,39,"Dejan Ljubičić",,19,中场,,,,1997-10-08,,,"FC Schalke 04"
956,39,"Konrad Laimer",,20,中场,,,,1997-05-27,,,"FC Bayern München"
957,39,"Patrick Wimmer",,21,前锋,,,,2001-05-30,,,"VfL Wolfsburg"
958,39,"Alexander Prass",,22,中场,,,,2001-05-26,,,"TSG Hoffenheim"
959,39,"Marco Friedl",,23,后卫,,,,1998-03-16,,,"SV Werder Bremen"
960,39,"Paul Wanner",,24,中场,,,,2005-12-23,,,"PSV Eindhoven"
961,39,"Michael Svoboda",,25,后卫,,,,1998-10-15,,,"Venezia FC"
962,39,"Alessandro Schöpf",,26,中场,,,,1994-02-07,,,"Wolfsberger AC"
963,40,"Yazeed Abulaila",,1,守门员,,,,1993-01-08,,,"Al Hussein SC"
964,40,"Mohammad Abu Hashish",,2,后卫,,,,1995-05-09,,,"Al Karma SC"
965,40,"Abdallah Nasib",,3,后卫,,,,1994-02-25,,,"Al Zawra'a SC"
966,40,"Husam Abu Dahab",,4,后卫,,,,2000-05-13,,,"Al Faisaly SC"
967,40,"Yazan Al-Arab",,5,后卫,,,,1996-01-31,,,"FC Seoul"
968,40,"Amer Jamous",,6,中场,,,,2002-07-03,,,"Al Zawra'a SC"
969,40,"Mohammad Abu Zrayq",,7,前锋,,,,1997-12-30,,,"Raja Casablanca"
970,40,"Noor Al-Rawabdeh",,8,中场,,,,1997-02-24,,,"Selangor FC"
971,40,"Ali Olwan",,9,前锋,,,,2000-03-26,,,"Al Sailiya SC"
972,40,"Musa Al-Taamari",,10,前锋,,,,1997-06-10,,,"Stade Rennais FC"
973,40,"Odeh Al-Fakhouri",,11,前锋,,,,2005-11-22,,,"Pyramids FC"
974,40,"Nour Bani Attiah",,12,守门员,,,,1993-01-25,,,"Al Faisaly SC"
975,40,"Mahmoud Al-Mardi",,13,前锋,,,,1993-10-06,,,"Al Hussein SC"
976,40,"Rajaei Ayed",,14,中场,,,,1993-07-25,,,"Al Hussein SC"
977,40,"Ibrahim Sadeh",,15,中场,,,,2000-04-27,,,"Al Karma SC"
978,40,"Mo Abualnadi",,16,后卫,,,,2001-02-08,,,"Selangor FC"
979,40,"Salim Obaid",,17,后卫,,,,1992-01-17,,,"Al Hussein SC"
980,40,"Mohammad Ahmed Mohammad Taha",,18,中场,,,,2005-07-13,,,"Al Hussein SC"
981,40,"Saed Al-Rosan",,19,后卫,,,,1997-02-01,,,"Al Hussein SC"
982,40,"Mohannad Abu Taha",,20,中场,,,,2003-02-02,,,"Al-Quwa Al-Jawiya"
983,40,"Nizar Al-Rashdan",,21,中场,,,,1999-03-23,,,"Qatar SC"
984,40,"Abdallah Al-Fakhouri",,22,守门员,,,,2000-01-22,,,"Al Wahdat SC"
985,40,"Ihsan Haddad",,23,后卫,,,,1994-02-05,,,"Al Hussein SC"
986,40,"Ali Azaizeh",,24,前锋,,,,2004-04-13,,,"Al Shabab FC"
987,40,"Mohammad Al-Dawoud",,25,中场,,,,1992-04-12,,,"Al Wahdat SC"
988,40,"Anas Badawi",,26,后卫,,,,1997-09-13,,,"Al Faisaly SC"
989,44,"David Ospina",,1,守门员,,,,1988-08-31,,,"Atlético Nacional"
990,44,"Daniel Muñoz",,2,后卫,,,,1996-05-26,,,"Crystal Palace FC"
991,44,"Jhon Lucumí",,3,后卫,,,,1998-06-26,,,"Bologna FC"
992,44,"Santiago Arias",,4,后卫,,,,1992-01-13,,,"CA Independiente"
993,44,"Kevin Castaño",,5,中场,,,,2000-09-29,,,"CA River Plate"
994,44,"Richard Ríos",,6,中场,,,,2000-06-02,,,"SL Benfica"
995,44,"Luis Díaz",,7,前锋,,,,1997-01-13,,,"FC Bayern München"
996,44,"Jorge Carrascal",,8,中场,,,,1998-05-25,,,"CR Flamengo"
997,44,"Jhon Córdoba",,9,前锋,,,,1993-05-11,,,"FC Krasnodar"
998,44,"James Rodríguez",,10,中场,,,,1991-07-12,,,"Minnesota United FC"
999,44,"Jhon Arias",,11,中场,,,,1997-09-21,,,"SE Palmeiras"
1000,44,"Camilo Vargas",,12,守门员,,,,1989-03-09,,,"Atlas FC"
1001,44,"Yerry Mina",,13,后卫,,,,1994-09-23,,,"Cagliari"
1002,44,"Gustavo Puerta",,14,后卫,,,,2003-07-23,,,"Racing Santander"
1003,44,"Juan Portilla",,15,中场,,,,1998-09-12,,,"Athletico Paranaense"
1004,44,"Jefferson Lerma",,16,中场,,,,1994-10-25,,,"Crystal Palace FC"
1005,44,"Johan Mojica",,17,后卫,,,,1992-08-21,,,"RCD Mallorca"
1006,44,"Willer Ditta",,18,后卫,,,,1998-01-23,,,"CF Cruz Azul"
1007,44,"Cucho Hernández",,19,前锋,,,,1999-04-20,,,"Real Betis"
1008,44,"Juan Fernando Quintero",,20,中场,,,,1993-01-18,,,"CA River Plate"
1009,44,"Jaminton Campaz",,21,前锋,,,,2000-05-24,,,"CA Rosario Central"
1010,44,"Deiver Machado",,22,后卫,,,,1993-09-02,,,"FC Nantes"
1011,44,"Davinson Sánchez",,23,后卫,,,,1996-06-12,,,"Galatasaray SK"
1012,44,"Álvaro Montero",,24,守门员,,,,1995-03-29,,,"CA Vélez Sarsfield"
1013,44,"Luis Suárez",,25,前锋,,,,1997-12-02,,,"Sporting CP"
1014,44,"Andrés Gómez",,26,前锋,,,,2002-09-12,,,"CR Vasco Da Gama"
1015,42,"Lionel Mpasi",,1,守门员,,,,1994-08-01,,,"Le Havre AC"
1016,42,"Aaron Wan-Bissaka",,2,后卫,,,,1997-11-26,,,"West Ham United FC"
1017,42,"Steve Kapuadi",,3,后卫,,,,1998-04-30,,,"Widzew Łódź"
1018,42,"Axel Tuanzebe",,4,后卫,,,,1997-11-14,,,"Burnley FC"
1019,42,"Dylan Batubinsika",,5,后卫,,,,1996-02-15,,,"AEL FC"
1020,42,"Ngal'ayel Mukau",,6,中场,,,,2004-11-03,,,"Lille OSC"
1021,42,"Nathanaël Mbuku",,7,中场,,,,2002-03-16,,,"Montpellier HSC"
1022,42,"Samuel Moutoussamy",,8,中场,,,,1996-08-12,,,"Atromitos FC"
1023,42,"Brian Cipenga",,9,前锋,,,,1998-03-11,,,"CD Castellón"
1024,42,"Théo Bongonda",,10,中场,,,,1995-11-20,,,"FC Spartak Moscow"
1025,42,"Gaël Kakuta",,11,前锋,,,,1991-06-21,,,"AEL FC"
1026,42,"Joris Kayembe",,12,后卫,,,,1994-08-08,,,"KRC Genk"
1027,42,"Meschak Elia",,13,前锋,,,,1997-08-06,,,"Alanyaspor"
1028,42,"Noah Sadiki",,14,中场,,,,2004-12-17,,,"Sunderland AFC"
1029,42,"Aaron Tshibola",,15,中场,,,,1995-01-02,,,"Kilmarnock FC"
1030,42,"Timothy Fayulu",,16,守门员,,,,1999-07-24,,,"FC Noah"
1031,42,"Cédric Bakambu",,17,前锋,,,,1991-04-11,,,"Real Betis"
1032,42,"Charles Pickel",,18,中场,,,,1997-05-15,,,"RCD Espanyol"
1033,42,"Fiston Mayele",,19,前锋,,,,1994-06-24,,,"Pyramids FC"
1034,42,"Yoane Wissa",,20,前锋,,,,1996-09-03,,,"Newcastle United FC"
1035,42,"Matthieu Epolo",,21,守门员,,,,2005-01-15,,,"Standard Liège"
1036,42,"Chancel Mbemba",,22,后卫,,,,1994-08-08,,,"Lille OSC"
1037,42,"Simon Banza",,23,前锋,,,,1996-08-13,,,"Al Jazira"
1038,42,"Gédéon Kalulu",,24,后卫,,,,1997-08-29,,,"Aris Limassol FC"
1039,42,"Edo Kayembe",,25,中场,,,,1998-06-03,,,"Watford FC"
1040,42,"Arthur Masuaku",,26,后卫,,,,1993-11-07,,,"RC Lens"
1041,41,"Diogo Costa",,1,守门员,,,,1999-09-19,,,"FC Porto"
1042,41,"Nélson Semedo",,2,后卫,,,,1993-11-16,,,"Fenerbahçe SK"
1043,41,"Rúben Dias",,3,后卫,,,,1997-05-14,,,"Manchester City FC"
1044,41,"Tomás Araújo",,4,后卫,,,,2002-05-16,,,"SL Benfica"
1045,41,"Diogo Dalot",,5,后卫,,,,1999-03-18,,,"Manchester United FC"
1046,41,"Matheus Nunes",,6,中场,,,,1998-08-27,,,"Manchester City FC"
1047,41,"Cristiano Ronaldo",,7,前锋,,,,1985-02-05,,,"Al Nassr FC"
1048,41,"Bruno Fernandes",,8,中场,,,,1994-09-08,,,"Manchester United FC"
1049,41,"Gonçalo Ramos",,9,前锋,,,,2001-06-20,,,"Paris Saint-Germain"
1050,41,"Bernardo Silva",,10,中场,,,,1994-08-10,,,"Manchester City FC"
1051,41,"João Félix",,11,前锋,,,,1999-11-10,,,"Al Nassr FC"
1052,41,"José Sá",,12,守门员,,,,1993-01-17,,,"Wolverhampton Wanderers FC"
1053,41,"Renato Veiga",,13,后卫,,,,2003-07-29,,,"Villarreal CF"
1054,41,"Gonçalo Inácio",,14,后卫,,,,2001-08-25,,,"Sporting CP"
1055,41,"João Neves",,15,中场,,,,2004-09-27,,,"Paris Saint-Germain"
1056,41,"Francisco Trincão",,16,前锋,,,,1999-12-29,,,"Sporting CP"
1057,41,"Rafael Leão",,17,前锋,,,,1999-06-10,,,"AC Milan"
1058,41,"Pedro Neto",,18,前锋,,,,2000-03-09,,,"Chelsea FC"
1059,41,"Gonçalo Guedes",,19,前锋,,,,1996-11-29,,,"Real Sociedad"
1060,41,"João Cancelo",,20,后卫,,,,1994-05-27,,,"FC Barcelona"
1061,41,"Rúben Neves",,21,中场,,,,1997-03-13,,,"Al Hilal SC"
1062,41,"Rui Silva",,22,守门员,,,,1994-02-07,,,"Sporting CP"
1063,41,"Vitinha",,23,中场,,,,2000-02-13,,,"Paris Saint-Germain"
1064,41,"Samú Costa",,24,后卫,,,,2000-11-27,,,"RCD Mallorca"
1065,41,"Nuno Mendes",,25,后卫,,,,2002-06-19,,,"Paris Saint-Germain"
1066,41,"Francisco Conceição",,26,前锋,,,,2002-12-14,,,"Juventus FC"
1067,43,"Utkir Yusupov",,1,守门员,,,,1991-01-04,,,"PFC Navbahor Namangan"
1068,43,"Abdukodir Khusanov",,2,后卫,,,,2004-02-29,,,"Manchester City FC"
1069,43,"Khojiakbar Alijonov",,3,后卫,,,,1997-04-19,,,"Pakhtakor Tashkent FK"
1070,43,"Farrukh Sayfiev",,4,后卫,,,,1991-01-17,,,"FK Neftchi Farg'ona"
1071,43,"Rustam Ashurmatov",,5,后卫,,,,1996-07-07,,,"Esteghlal Tehran FC"
1072,43,"Akmal Mozgovoy",,6,中场,,,,1999-04-02,,,"Pakhtakor Tashkent FK"
1073,43,"Otabek Shukurov",,7,中场,,,,1996-06-22,,,"Baniyas Club"
1074,43,"Jamshid Iskanderov",,8,中场,,,,1993-10-16,,,"FK Neftchi Farg'ona"
1075,43,"Odiljon Hamrobekov",,9,中场,,,,1996-02-13,,,"Tractor Sazi Tabriz FC"
1076,43,"Jaloliddin Masharipov",,10,中场,,,,1993-09-01,,,"Esteghlal Tehran FC"
1077,43,"Oston Urunov",,11,中场,,,,2000-12-19,,,"Persepolis FC"
1078,43,"Abduvohid Nematov",,12,守门员,,,,2001-03-20,,,"Nasaf Qarshi FC"
1079,43,"Sherzod Nasrullaev",,13,后卫,,,,1998-07-23,,,"Pakhtakor Tashkent FK"
1080,43,"Eldor Shomurodov",,14,前锋,,,,1995-06-29,,,"Başakşehir FK"
1081,43,"Umar Eshmurodov",,15,后卫,,,,1992-11-30,,,"Nasaf Qarshi FC"
1082,43,"Botirali Ergashev",,16,守门员,,,,1995-06-23,,,"FK Neftchi Farg'ona"
1083,43,"Dostonbek Khamdamov",,17,中场,,,,1996-07-24,,,"Pakhtakor Tashkent FK"
1084,43,"Abdulla Abdullaev",,18,后卫,,,,1997-09-01,,,"Dibba FC"
1085,43,"Azizjon Ganiev",,19,中场,,,,1998-02-22,,,"Al Bataeh Club"
1086,43,"Azizbek Amonov",,20,前锋,,,,1997-10-30,,,"FK Dinamo Samarkand"
1087,43,"Igor Sergeev",,21,前锋,,,,1993-04-30,,,"Persepolis FC"
1088,43,"Abbosbek Fayzullaev",,22,中场,,,,2003-10-03,,,"Başakşehir FK"
1089,43,"Sherzod Esanov",,23,中场,,,,2003-02-01,,,"FK Buxoro"
1090,43,"Bekhruz Karimov",,24,后卫,,,,2007-08-07,,,"Surkhon FK"
1091,43,"Avazbek Ulmasaliev",,25,后卫,,,,2000-03-27,,,"OKMK FK"
1092,43,"Jakhongir Urozov",,26,后卫,,,,2004-01-18,,,"FK Dinamo Samarkand"
1093,46,"Dominik Livaković",,1,守门员,,,,1995-01-09,,,"GNK Dinamo Zagreb"
1094,46,"Josip Stanišić",,2,后卫,,,,2000-04-02,,,"FC Bayern München"
1095,46,"Marin Pongračić",,3,后卫,,,,1997-09-11,,,"ACF Fiorentina"
1096,46,"Joško Gvardiol",,4,后卫,,,,2002-01-23,,,"Manchester City FC"
1097,46,"Duje Ćaleta-Car",,5,后卫,,,,1996-09-17,,,"Real Sociedad"
1098,46,"Josip Šutalo",,6,后卫,,,,2000-02-28,,,"AFC Ajax"
1099,46,"Nikola Moro",,7,中场,,,,1998-03-12,,,"Bologna FC"
1100,46,"Mateo Kovačić",,8,中场,,,,1994-05-06,,,"Manchester City FC"
1101,46,"Andrej Kramarić",,9,前锋,,,,1991-06-19,,,"TSG Hoffenheim"
1102,46,"Luka Modrić",,10,中场,,,,1985-09-09,,,"AC Milan"
1103,46,"Ante Budimir",,11,前锋,,,,1991-07-22,,,"CA Osasuna"
1104,46,"Ivor Pandur",,12,守门员,,,,2000-03-25,,,"Hull City FC"
1105,46,"Nikola Vlašić",,13,中场,,,,1997-10-04,,,"Torino FC"
1106,46,"Ivan Perišić",,14,前锋,,,,1989-02-02,,,"PSV Eindhoven"
1107,46,"Mario Pašalić",,15,中场,,,,1995-02-09,,,"Atalanta Bergamo"
1108,46,"Martin Baturina",,16,中场,,,,2003-02-16,,,"Como"
1109,46,"Petar Sučić",,17,中场,,,,2003-10-25,,,"FC Internazionale Milano"
1110,46,"Kristijan Jakić",,18,后卫,,,,1997-05-14,,,"FC Augsburg"
1111,46,"Toni Fruk",,19,中场,,,,2001-03-09,,,"HNK Rijeka"
1112,46,"Igor Matanović",,20,前锋,,,,2003-03-31,,,"SC Freiburg"
1113,46,"Luka Sučić",,21,中场,,,,2002-09-08,,,"Real Sociedad"
1114,46,"Luka Vušković",,22,后卫,,,,2007-02-24,,,"Hamburger SV"
1115,46,"Dominik Kotarski",,23,守门员,,,,2000-02-10,,,"FC København"
1116,46,"Marco Pašalić",,24,前锋,,,,2000-09-14,,,"Orlando City SC"
1117,46,"Martin Erlić",,25,后卫,,,,1998-01-24,,,"FC Midtjylland"
1118,46,"Petar Musa",,26,前锋,,,,1998-03-04,,,"FC Dallas"
1119,45,"Jordan Pickford",,1,守门员,,,,1994-03-07,,,"Everton FC"
1120,45,"Ezri Konsa",,2,后卫,,,,1997-10-23,,,"Aston Villa FC"
1121,45,"Nico O'Reilly",,3,后卫,,,,2005-03-21,,,"Manchester City FC"
1122,45,"Declan Rice",,4,中场,,,,1999-01-14,,,"Arsenal FC"
1123,45,"John Stones",,5,后卫,,,,1994-05-28,,,"Manchester City FC"
1124,45,"Marc Guéhi",,6,后卫,,,,2000-07-13,,,"Manchester City FC"
1125,45,"Bukayo Saka",,7,前锋,,,,2001-09-05,,,"Arsenal FC"
1126,45,"Elliot Anderson",,8,中场,,,,2002-11-06,,,"Nottingham Forest FC"
1127,45,"Harry Kane",,9,前锋,,,,1993-07-28,,,"FC Bayern München"
1128,45,"Jude Bellingham",,10,中场,,,,2003-06-29,,,"Real Madrid C. F."
1129,45,"Marcus Rashford",,11,前锋,,,,1997-10-31,,,"FC Barcelona"
1130,45,"Tino Livramento",,12,后卫,,,,2002-11-12,,,"Newcastle United FC"
1131,45,"Dean Henderson",,13,守门员,,,,1997-03-12,,,"Crystal Palace FC"
1132,45,"Jordan Henderson",,14,中场,,,,1990-06-17,,,"Brentford FC"
1133,45,"Dan Burn",,15,后卫,,,,1992-05-09,,,"Newcastle United FC"
1134,45,"Kobbie Mainoo",,16,中场,,,,2005-04-19,,,"Manchester United FC"
1135,45,"Morgan Rogers",,17,中场,,,,2002-07-26,,,"Aston Villa FC"
1136,45,"Anthony Gordon",,18,前锋,,,,2001-02-24,,,"Newcastle United FC"
1137,45,"Ollie Watkins",,19,前锋,,,,1995-12-30,,,"Aston Villa FC"
1138,45,"Noni Madueke",,20,前锋,,,,2002-03-10,,,"Arsenal FC"
1139,45,"Eberechi Eze",,21,中场,,,,1998-06-29,,,"Arsenal FC"
1140,45,"Ivan Toney",,22,前锋,,,,1996-03-16,,,"Al Ahli FC"
1141,45,"James Trafford",,23,守门员,,,,2002-10-10,,,"Manchester City FC"
1142,45,"Reece James",,24,后卫,,,,1999-12-08,,,"Chelsea FC"
1143,45,"Djed Spence",,25,后卫,,,,2000-08-09,,,"Tottenham Hotspur FC"
1144,45,"Jarell Quansah",,26,后卫,,,,2003-01-29,,,"Bayer 04 Leverkusen"
1145,47,"Lawrence Ati-Zigi",,1,守门员,,,,1996-11-29,,,"FC St. Gallen"
1146,47,"Alidu Seidu",,2,后卫,,,,2000-06-04,,,"Stade Rennais FC"
1147,47,"Caleb Yirenkyi",,3,中场,,,,2006-01-15,,,"FC Nordsjælland"
1148,47,"Jonas Adjetey",,4,后卫,,,,2003-12-13,,,"VfL Wolfsburg"
1149,47,"Thomas Partey",,5,中场,,,,1993-06-13,,,"Villarreal CF"
1150,47,"Abdul Mumin",,6,后卫,,,,1998-06-06,,,"Rayo Vallecano"
1151,47,"Abdul Fatawu",,7,前锋,,,,2004-03-08,,,"Leicester City FC"
1152,47,"Kwasi Sibo",,8,中场,,,,1998-06-24,,,"Real Oviedo"
1153,47,"Jordan Ayew",,9,前锋,,,,1991-09-11,,,"Leicester City FC"
1154,47,"Brandon Thomas-Asante",,10,前锋,,,,1998-12-29,,,"Coventry City FC"
1155,47,"Antoine Semenyo",,11,中场,,,,2000-01-07,,,"Manchester City FC"
1156,47,"Joseph Anang",,12,守门员,,,,2000-06-08,,,"St Patrick's Athletic FC"
1157,47,"Christopher Bonsu Baah",,13,前锋,,,,2004-12-14,,,"Al Qadsiah FC"
1158,47,"Gideon Mensah",,14,后卫,,,,1998-07-18,,,"AJ Auxerre"
1159,47,"Elisha Owusu",,15,中场,,,,1997-11-07,,,"AJ Auxerre"
1160,47,"Benjamin Asare",,16,守门员,,,,1992-07-13,,,"Hearts Of Oak SC"
1161,47,"Abdul Rahman Baba",,17,后卫,,,,1994-07-02,,,"PAOK Saloniki"
1162,47,"Jerome Opoku",,18,后卫,,,,1998-10-14,,,"Başakşehir FK"
1163,47,"Iñaki Williams",,19,前锋,,,,1994-06-15,,,"Athletic Club"
1164,47,"Augustine Boakye",,20,中场,,,,2000-11-03,,,"AS Saint-Etienne"
1165,47,"Kojo Peprah Oppong",,21,后卫,,,,2004-06-04,,,"OGC Nice"
1166,47,"Kamaldeen Sulemana",,22,前锋,,,,2002-02-15,,,"Atalanta Bergamo"
1167,47,"Derrick Luckassen",,23,后卫,,,,1995-07-03,,,"Pafos FC"
1168,47,"Ernest Nuamah",,24,前锋,,,,2003-11-01,,,"Olympique Lyonnais"
1169,47,"Prince Kwabena Adu",,25,前锋,,,,2003-09-23,,,"FC Viktoria Plzeň"
1170,47,"Marvin Senaya",,26,后卫,,,,2001-01-28,,,"AJ Auxerre"
1171,48,"Luis Mejía",,1,守门员,,,,1991-03-16,,,"Club Nacional"
1172,48,"César Blackman",,2,后卫,,,,1998-04-02,,,"ŠK Slovan Bratislava"
1173,48,"José Córdoba",,3,后卫,,,,2001-06-03,,,"Norwich City FC"
1174,48,"Fidel Escobar",,4,后卫,,,,1995-01-09,,,"Deportivo Saprissa"
1175,48,"Edgardo Fariña",,5,后卫,,,,2001-10-19,,,"FC Pari Nizhny Novgorod"
1176,48,"Cristian Martínez",,6,中场,,,,1997-02-06,,,"Hapoel Kiryat Shmona FC"
1177,48,"José Luis Rodríguez",,7,中场,,,,1998-06-19,,,"FC Juárez"
1178,48,"Adalberto Carrasquilla",,8,中场,,,,1998-11-28,,,"Pumas UNAM"
1179,48,"Tomás Rodríguez",,9,前锋,,,,1999-03-09,,,"Deportivo Saprissa"
1180,48,"Ismael Díaz",,10,中场,,,,1997-05-12,,,"Club León"
1181,48,"Yoel Bárcenas",,11,中场,,,,1993-10-23,,,"Mazatlán FC"
1182,48,"César Samudio",,12,守门员,,,,1994-02-23,,,"CD Marathón"
1183,48,"Jiovany Ramos",,13,后卫,,,,1997-01-26,,,"Puerto Cabello CF"
1184,48,"Carlos Harvey",,14,后卫,,,,2000-02-03,,,"Minnesota United FC"
1185,48,"Eric Davis",,15,后卫,,,,1991-03-31,,,"CD Plaza Amador"
1186,48,"Andrés Andrade",,16,后卫,,,,1998-10-16,,,"LASK Linz"
1187,48,"José Fajardo",,17,前锋,,,,1993-08-18,,,"CD Universidad Católica"
1188,48,"Cecilio Waterman",,18,前锋,,,,1991-04-13,,,"CD Universidad De Concepción"
1189,48,"Alberto Quintero",,19,中场,,,,1987-12-18,,,"CD Plaza Amador"
1190,48,"Aníbal Godoy",,20,中场,,,,1990-02-10,,,"San Diego FC"
1191,48,"César Yanis",,21,中场,,,,1996-01-28,,,"CD Cobresal"
1192,48,"Orlando Mosquera",,22,守门员,,,,1994-12-25,,,"Al Fayha FC"
1193,48,"Michael Amir Murillo",,23,后卫,,,,1996-02-11,,,"Beşiktaş JK"
1194,48,"Azarias Londoño",,24,前锋,,,,2001-06-21,,,"CD Universidad Católica"
1195,48,"Roderick Miller",,25,后卫,,,,1992-04-03,,,"Turan Tovuz"
1196,48,"Jorge Gutiérrez",,26,后卫,,,,1998-09-01,,,"Deportivo La Guaira"
